:020000040800F2
:1000000000200024E102000811C60008D9BA000847
:1000100009C60008C149000831E6000800000000D8
:1000200000000000000000000000000031CB0008CC
:10003000214B00080000000019C60008B1D00008DC
:10004000FB020008FB020008FB020008FB0200089C
:10005000FB020008FB020008FB020008FB0200088C
:10006000FB020008FB020008FB020008E14A00084E
:10007000F14A0008FB020008014B0008114B000880
:10008000FB020008FB020008FB020008FB0200085C
:10009000FB020008FB020008FB020008FB0200084C
:1000A000FB020008FB020008FB020008FB0200083C
:1000B000FB020008FB020008FB020008FB0200082C
:1000C000FB020008FB020008FB020008FB0200081C
:1000D000F1C9000821E60008FB020008FB02000845
:1000E000294B0008FB02000800000000FB0200088A
:1000F000FB020008FB020008FB020008FB020008EC
:10010000FB020008FB020008FB020008FB020008DB
:10011000FB020008FB020008FB020008FB020008CB
:10012000FB020008FB020008FB020008FB020008BB
:10013000FB020008FB020008FB020008FB020008AB
:1001400000000000000000000000000000000000AF
:10015000FB020008FB020008FB020008FB0200088B
:10016000FB020008FB020008FB020008FB0200087B
:10017000FB020008FB020008FB0200080000000070
:10018000FB020008FB02000821D20008FB02000865
:10019000FB020008FB020008FB020008FB0200084B
:1001A000FB020008FB020008FB0200080000000040
:1001B000FB020008FB020008FB020008FB0200082B
:1001C000FB020008FB020008000000000000000025
:1001D0000000000000000000FB020008000000001A
:1001E000000000000000000000000000000000000F
:1001F0000000000000000000FB020008FB020008F5
:10020000FB020008FB02000800000000FB020008DF
:10021000FB020008FB020008FB020008FB020008CA
:10022000FB02000800000000FB02000800000000C4
:10023000FB020008FB02000800000000FB020008AF
:10024000FB020008FB020008FB020008FB0200089A
:10025000FB020008FB020008FB020008FB0200088A
:10026000FB020008FB020008FB020008FB0200087A
:10027000FB020008FB020008FB020008000000006F
:10028000FB020008FB020008FB020008FB0200085A
:1002900000000000FB020008FB0200080000000054
:1002A00000000000FB020008FB020008FB0200083F
:1002B00011E60008FB020008FB020008FB02000830
:1002C000FB020008FB020008FB020008DFF80CD06C
:1002D00000F068FA00480047890001080020002467
:1002E0000648804706480047FEE7FEE7FEE7FEE7D0
:1002F000FEE7FEE7FEE7FEE7FEE7FEE771D1000856
:10030000CD0200082DE9F05F0546002092469B468D
:1003100088460646814640241BE02846414647461B
:10032000224600F077F853465A46C01A914110D33E
:1003300011461846224600F05EF82D1A67EB0108B8
:100340004F4622460120002100F055F817EB000926
:100350004E41201EA4F10104DFDC484631462A4606
:100360004346BDE8F09F10B5431A934209D2831863
:10037000881803E010F8011D03F8011D521EF9D280
:1003800010BD40EA01039B0703D009E008C9121F12
:1003900008C0042AFAD203E011F8013B00F8013B3F
:1003A000521EF9D210BDD2B201E000F8012B491E55
:1003B000FBD270470022F6E710B513460A46044602
:1003C0001946FFF7F0FF204610BD30B50B46014639
:1003D00000202022012409E021FA02F59D4205D3E4
:1003E00003FA02F5491B04FA02F52844151EA2F18E
:1003F0000102F1DC30BD202A04DB203A00FA02F1D0
:10040000002070479140C2F1200320FA03F3194302
:1004100090407047202A04DB203A21FA02F00021A4
:10042000704721FA02F3D040C2F120029140084304
:10043000194670472DE9FE4F804681EA0300C00F40
:100440000C46009021F0004123F00045B8EB02007B
:10045000A94105D24046214690461C460B4602461D
:1004600023F00040104347D0270DC7F30A00C3F321
:100470000A510290401A019040286BDAC3F313002E
:1004800040F4801B0098924620B10023D2EB030A6F
:1004900063EB0B0B01985946C0F140025046FFF741
:1004A000AAFF06460D4650465946019A00F08CF9BF
:1004B00010EB08006141002487EA115284EAE773D7
:1004C0001A4340D0009A62B3019A012A4FEA0752B8
:1004D00015DC001B61EB02014FF0004202EA0752FB
:1004E000CDE90042001C41F5801132462B4600F058
:1004F0008CF903B0BDE8F08F40462146F9E7001BB8
:1005000061EB0201001C41F5801300185B412018CB
:10051000A2F5001747EB030140EAD570B6196D410B
:1005200011E06D084FEA360645EAC0754FEA0752FA
:10053000001B61EB0201001C41F5801149084FEAE4
:1005400030000019514132462B4603B0BDE8F04F50
:1005500000F04CB90098012240000023D0EB0202C9
:1005600063EBE073009821464FEAE074B8EB0000BB
:1005700061EB0401E9E783F000435BE781F00041B0
:1005800058E72DE9FE4F81EA030404F0004421F00E
:10059000004100944FF0000B23F0004350EA0104A7
:1005A0005ED052EA03045BD0C3F30A54C1F30A5588
:1005B0002C44A4F2F3340194A0FB0254C1F31301C0
:1005C00041F48011C3F3130343F4801301FB02448D
:1005D00000FB034E840A970A44EA815447EA835792
:1005E000A4FB076802958D0A05FB07854FEA932C4B
:1005F00004FB0C542705029D4FEA065847EA1637BC
:10060000B5EB08056EEB070C870E920E47EA8117D3
:1006100042EA8312A7FB0201B6EB0B0164EB000474
:100620002B0D43EA0C335E1844EB1C50DA4651465E
:10063000E7FB0201C5F313044FEA0B3343EA1453FB
:100640004FEA0432019C43EA0603A4F10C0402942D
:10065000009CCDE900B400F0D8F803B0BDE8F08FFD
:1006600000200146F9E72DE9F04D81EA030404F08A
:10067000004B21F0004514464FF0000A23F00041E2
:1006800050EA050220D054EA01021DD0C5F30A57F2
:100690000246C5F31303C1F31300C1F30A5640F435
:1006A000801543F48013A7EB0608101BD64608F20A
:1006B000FD3873EB050002D308F1010801E0921840
:1006C0005B41B8F1000F03DA00200146BDE8F08D70
:1006D00000204FF48011064684460EE0171B73EB92
:1006E000050705D3121B63EB050306434CEA010C17
:1006F00049084FEA300092185B4150EA0107EDD1FA
:1007000052EA030012D082EA040083EA050108439A
:1007100005D0101BAB4106D20122002306E00022C7
:100720004FF0004302E06FF0010253101AEB060095
:100730004CEB085110EB0A0041EB0B01BDE8F04D0A
:1007400000F054B8C1F30A52C1F3130140F2FF3371
:1007500041F480119A4202DA00200146704740F2CB
:1007600033439A42A2F2334202DC5242FFF752BEB6
:10077000FFF741BE30B5041E71F1000404DB4FF0F9
:100780000044404264EB0101141E73F1000405DBD8
:100790001C464FF00043524263EB0403994208BFEA
:1007A000904230BD064C074D06E0E06840F0010382
:1007B00094E8070098471034AC42F6D3FFF78AFD5F
:1007C0007020010890200108202A06DBCB17203A70
:1007D00041FA02F043EAE07306E041FA02F3D04046
:1007E000C2F12002914008431946704710B5141E0B
:1007F00073F1000408DA401C41F1000192185B41DA
:100800001A4301D120F0010010BD2DE9F04D9246B0
:100810009B4611B1B1FA81F202E0B0FA80F22032C7
:100820009046FFF7E8FD04460F4640EA0A0041EA19
:100830000B0153465A46084313D0114653EA0100B0
:1008400019D0C8F140025046FFF7E4FD05460E46B8
:10085000504659464246FFF7CEFD084305D00120D9
:1008600004E020463946BDE8F08D0020054346EA05
:10087000E0762C4337430A986305E40AA0EB0800AE
:100880000022FD0A44EA47540A3002D500200146FE
:10089000E9E7010510196941DDE9084500196941D9
:1008A000BDE8F04DA2E700002DE9F04381B00BF068
:1008B000ABFB40F2504800200024C2F2004888F808
:1008C00014400BF04DFB00205A2188F815405A24A3
:1008D0000CF056F940F2200501205A210127C2F2FE
:1008E0000045AC710CF04CF9EC7106F059F998F830
:1008F000013040F2405140F6F0123426C2F200417D
:10090000C2F20042086613FB06267770CF6DA0EB9B
:10091000070CC6F814C0F788002F1EBFB069B0FBE3
:10092000F7F0F06156F8200F013004BF002030606E
:10093000086B58B391ED0D0A02EE100AB2EE041ADC
:10094000B6EE003A34264FF47A74B8EE422A13FB1E
:10095000062620EE010A80EE020A30EE030ABCEE03
:10096000C00A10EE105A91ED0E0A358520EE010AEC
:1009700080EE020A30EE030ABCEEC00A10EE105AF6
:10098000B585CD6B6543B5FBF0F0F085342040F2C2
:1009900010654FF0640913FB0020C2F20045808807
:1009A00000281EBF07FB09F7B7FBF0F05FFA80F9DC
:1009B00095F8240078B1342700EB800013FB07275B
:1009C00040003F8DB84206D964267743B7FBF0F06C
:1009D000C0F1640E01E04FF0000E342613FB06F068
:1009E000175C05F10C00022F08BF05F11400032F5E
:1009F00005D1E87D4FF47A7410FB04F000E0008824
:100A0000AC8B042F18BF044613FB0620C069B0F559
:100A1000FA7F04D86426042F11D9002784E0002629
:100A200084420AD9B4F5FA7F81BF201A6426704344
:100A3000A4F5FA7488BFB0FBF4F6042FEDD8DFE814
:100A400007F0030B1B343F005FFA8EF040F6B83717
:100A5000462610FB067060E05FFA8EF43220A40098
:100A600019FB00F054FA8EF700EB8700F7B2C7EBE2
:100A7000071700EB470050E034204CF6CD4459FAFC
:100A80008EF713FB0020CCF6CC44C7EB0717C08DC4
:100A90007F00A0FB04046420A0EBD400C4B2A40037
:100AA00054FA80F007EBC00037E05FFA8EF009EBF4
:100AB0008907800050FA8EF0800000EB07102CE0D0
:100AC000AD7F342013FB002000F10E04002D18BF71
:100AD00000F10A04248884B1002D00F110074FF0C2
:100AE000640518BF00F10C0738886843B0FBF4F0C8
:100AF0001924C0B210FB04F400E000245FFA8EF069
:100B0000C9EB0917800050FA8EF0800000EB470017
:100B1000F7B2192617FB0600204448F21F57C5F20A
:100B2000EB17A0FB07077F093420B2EE041A13FB72
:100B300000239F709B8D00EE103A0123B8EE400A0F
:100B400080EE010A81ED1B0A81F8703091F82730A0
:100B5000013381F82730CF6A6744CF6291F8216072
:100B60005EB101F12205002715F8014B013E14FB8F
:100B70000024A4782744F7D100E0002718061EBF00
:100B8000D8B2B7FBF0F081F82900032088F8000004
:100B9000072088F80600002088F82200C8F87800AE
:100BA00001B0BDE8F0830000F0B581B040F25045DF
:100BB0000446C2F20045287804284BD002280DD103
:100BC000687840F6F0113422C2F2004110FB0210A6
:100BD00010F8031FFF291CBF0131017040F22006ED
:100BE0000520C2F20046A871B0797073F079B07335
:100BF000287D85F82C00687D85F82D0005F0D0FF54
:100C00000027002C68636F66AF76AF70EF700DD071
:100C1000FF2017210DF05CFD05F0C2FF28660220C1
:100C20009621642203F0D0FE0120A8760BF0ECF9A7
:100C300000202F750BF094F900205A216F755A246B
:100C40000BF09EFF01205A21B4710BF099FF042094
:100C5000F471287001B0F0BDF0B583B001380428FC
:100C600052D8DFE800F0035361700800042940F215
:100C7000A3800324B4E040F250450224C2F20045B0
:100C80002878062800F2AC80012101FA00F010F06B
:100C9000490F00F0A5800BF0B7F9002400202C7557
:100CA0000BF05EF900205A216C755A260BF068FF94
:100CB00040F2200701205A21C2F20047BE710BF01A
:100CC0005FFF40F240506C66AC766C63AC70EC70C9
:100CD0002C71EC72AC72AC652C7685F8254085F8E9
:100CE000264085F82740EC732C746C74AC74EC745B
:100CF000FE71C2F2004080F8704084600B202870C2
:100D00000F20A871AC736BE0022469E040F25045FB
:100D1000C2F20045287802285DD100200024FFF7A8
:100D200043FF0120E8705BE040F25040C2F2004017
:100D30000178042951D1C178012950D10024C4700F
:100D400000F04AFB4CE00BF05FF940F25045002008
:100D50000024C2F200452C750BF002F900205A2144
:100D60006C755A260BF00CFF40F2200701205A2127
:100D7000C2F20047BE710BF003FFFE7140F2405615
:100D8000C2F2004686F8704005F00AFF3066112076
:100D90006C66AC766C63AC70EC702C716C76AC727B
:100DA000AC65EC722C72EC7586F828402C76EC73EE
:100DB0002C70B460A87113E00020CDF8070001206A
:100DC0008DF804008DF8050001A88DF8061002F0DA
:100DD0002FFA044604E0022402E0022400E0022488
:100DE000204603B0F0BD000040F25040C2F2004087
:100DF000807970470000000040F25040C2F200408D
:100E0000407970470000000040F25040C2F20040BC
:100E1000006C7047000000002DE9F0412DED048BBF
:100E20000446002C00F0948040F24058002040F22C
:100E30005045C4E90000C4E90200C4E90400C4E963
:100E40000600C2F20048C2F2004598F870006F78C0
:100E500018B1D8F86000394610B905F0A1FE6978DC
:100E60002A782270617040F22001042AC2F2004107
:100E70000979A170A2F10201B1FA81F14FEA511191
:100E800008BF41F002010B2A08D8012303FA02F23D
:100E900040F622131A4218BF41F0040198F870304E
:100EA00098F82820B6EE009AB2EE048AB0EE491AFD
:100EB000002B18BF41F00801EB78002B18BF41F060
:100EC0001001002A4FF0340218BF41F02001E170F8
:100ED000A97D217198F81610617140F6F011C2F2E7
:100EE000004117FB02139A88E280DA8822811B896D
:100EF0006381D8F85C305E1E86423CBFC01AE06059
:100F0000002A1FBF342017FB00108069B0FBF2F0ED
:100F100018BF208295ED170A00EE081ABCEEC10A30
:100F200010EE100A60820AF0DBFD90ED060A00EE7A
:100F3000089ABCEEC90A10EE100AA082D8F81C006C
:100F4000A0612878052801BF287E2077E87B60779C
:100F5000BDEC048BBDE8F08140F25040C2F200408D
:100F600040787047000000000022042823D811B305
:100F7000F0B540F6F01C4FF0340EC2F2004C10FBFE
:100F80000EC210FB0EF0171DF8CF5CF8000001F147
:100F9000180C81E8F90002F1180789CFD2E9096538
:100FA000D46ACC62C1E909658CE88900106B012222
:100FB0000863BDE8F04010467047000000000000E4
:100FC00080B540F24051C2F2004101F11C0E9EE892
:100FD0000C50C96A80E80C50016180BD000000001F
:100FE00040F25040C2F2004000787047000000001C
:100FF00080B540F210612A22C2F20041FFF7B3F936
:1010000080BD000000000000042884BF002070475D
:1010100040F24051C2F200410844007C7047000099
:1010200084460020BCF1040F19D8C2B140F24053ED
:10103000C2F2004363441B7C8B4298BF704740F66A
:1010400030730CEB4C00C2F2004303EB801000EB5A
:10105000C10350F831005B68C2E90003012070470A
:101060002DE9F04381B040F210642A21C2F200441D
:101070002046FFF79FF9022050214FF05A0808221E
:1010800000254FF0010940F2200640F24057207041
:1010900061706E2184F80280C2F20046C2F20047FD
:1010A000E170552186F8049021715F2184F8058054
:1010B000A171642121810F21A172E27240F6B83240
:1010C000A2814FF4FA72E281257461744FF4FA61DF
:1010D000A57484F81390A1820521A175E17520768D
:1010E000062041F2883184F81990A076A18332213C
:1010F000A577E17784F820506184142184F82410C6
:1011000084F825101E2184F82610032184F8271066
:1011100084F8281040F25044C2F2004420706570F8
:10112000C7E91655C7E91855C7E91A553D6705F0CF
:1011300037FDC4E90C0540F6F0104FF48271A56349
:10114000A570E5702571E56365712564A571656419
:10115000E571A56425726572E564A5722565E57281
:10116000257386F805906573C4E91555A573E57375
:1011700025746574A574E57486F806802575FD767A
:10118000A7F8195086F807806575C7F81550C7E9A4
:101190000755C7E90955FD62C2F20040FFF70AF999
:1011A00040F630704FF47071C2F20040FFF702F960
:1011B0003D753D61C7E90C55C7E90E55A575E57547
:1011C0003D64E56501B0BDE8F0830000000000006B
:1011D0002DE9F04381B040F250440546164688465A
:1011E0000227C2F200442078062876D8012101FAAD
:1011F00000F010F0490F70D00AF006FF0027002021
:1012000027750AF0ADFE002E677514D0022E1BD094
:10121000012E40D100205A2100275A240BF0B0FCA7
:1012200040F2200501205A21C2F20045AC710BF0BA
:10123000A7FCEC7151E0012D2FD8A8F10A00C0B233
:10124000A0282CD9062748E040F210690A246FF044
:10125000550800200027C2F2004999F802600A2EC2
:1012600098BF2646AA2E28BF4646F1B20BF088FC4E
:1012700099F8050040F22005C2F20045AE710A2837
:1012800088BF04460120AA2C28BF4446E1B20BF0D7
:1012900077FCEC7121E005271FE005271DE0B8F180
:1012A0000A0F284698BF4FF00A08B8F1AA0F28BFC6
:1012B0006FF055085FFA88F10BF062FC40F22000F5
:1012C000012DC2F2004002D035B9063000E00730EF
:1012D000002780F8008000E00027F8B201B0BDE8E8
:1012E000F0830000000000002DE9F04140F250467C
:1012F00040F2405CDDF81880C2F20046C2F2004CB9
:1013000096F801E00CEB0E06357C172D12D86F1CF9
:10131000377440F630770EEB4E06C2F2004707EB0B
:10132000861606F8350006EBC50041708270C37062
:10133000C0F8048040F6F01034250029C2F20040C5
:101340001EFB0506B58806F10E0705F10105B580FF
:1013500018BF06F10A07002A3C8804F101043C800A
:101360001FD0F288002902F10102F280B2694244E2
:10137000B26106F1100218BF06F10C0211880131AA
:10138000118056F8201F41454FF0340188BFC6F840
:1013900000801EFB010151F8242F424538BFC1F8DF
:1013A0000080002B1FBF34211EFB01010A8901327E
:1013B00018BF0A813421ACF864501EFB0100C188BB
:1013C00090ED060AACF86610B8EE400A8CED1A0AE9
:1013D000BDE8F081000000002DE9F04105F0E0FBE0
:1013E00040F25044C2F20044616B002918BF411A18
:1013F0000029A16322D0206B0844206340F24050B2
:10140000C2F20040C26D0A44C2654268002A1CBF95
:101410000A444260E26F002A1CBF0A44E267026885
:10142000002A1CBF0A440260A06E00281CBF0844AA
:10143000A066206F00281CBF0844206706200F21EB
:10144000A071FF200DF044F905F0AAFB40F2200541
:101450000A2620666FF055080020C2F200456F7B17
:101460000A2F98BF3746AA2F28BF4746F9B20BF07C
:1014700087FBAF71A87B0A2888BF06460120AA2EE9
:1014800028BF4646F1B20BF07BFB94F82C00EE71BE
:1014900018B10AF0C1FD012002E00AF0B5FD0020FC
:1014A000207594F82D0020B100200AF06DFD012573
:1014B00003E0002000250AF053FD00206575A076AA
:1014C00060666063A070E070207102202070BDE84B
:1014D000F0810000000000002DE9F04F81B02DEDFB
:1014E000048B82B0D0B190ED011A90ED000A21EE8C
:1014F000018A00EE008AB0EE480A0FF0B1FFB4EEA8
:10150000400AF1EE10FA03D0B0EE480A0FF0A8FF3F
:1015100040F25040C2F2004080ED170A0DF08CF806
:1015200044B238B140F25045C2F200456C7105F04A
:1015300037FB286440F2504BC2F2004B9BF800008E
:10154000012818D1002C00F0788164F07F0010F1A0
:10155000770118BF10F1760010D19BF80700E1B2B7
:1015600088420BD105F01CFBDBF84410401AB0F5A3
:10157000966F03D261E1002C00F05F81E0B2082C8D
:101580003CD10AF041FD002400208BF814400AF001
:10159000E7FC00205A218BF815405A250BF0F0FA91
:1015A00040F2200701205A21C2F20047BD710BF022
:1015B000E7FA40F24050CBF864408BF81A40CBF881
:1015C00034408BF802408BF803408BF804408BF8D2
:1015D0000B40FD71C2F2004080F8704006208BF88D
:1015E00000000C208BF806008BF808408BF80940AF
:1015F000CBF84C408BF80D4001F047B9B4F1FF3FF8
:101600004FDD072C6DD10AF0FFFC002400208BF881
:1016100014400AF0A5FC00205A218BF815405A25E9
:101620000BF0AEFA40F2200701205A21C2F2004727
:10163000BD710BF0A5FA40F24050CBF864408BF836
:101640001A40CBF834408BF802408BF803408BF8FB
:1016500004408BF80B408BF80A40CBF858408BF8CD
:1016600018408BF825408BF826408BF827408BF8E4
:101670000F408BF810408BF811408BF812408BF81C
:101680001340FD71C2F2004080F8704084600B206E
:101690008BF800000F208BF806008BF80E4001F04D
:1016A000F4B814F17D006CD19BF8000004280AD036
:1016B000022840F086800020FFF776FA9BF80000B1
:1016C000042841F0E28001208BF802008BF804002E
:1016D00005F066FACBF83C000A208BF8060001F012
:1016E000D4B89BF80010042900F2A480012900F06E
:1016F000A18064F07F0212F1770354D19BF80500BA
:101700008BF8070005F04CFACBF844000AF07CFC9B
:10171000002400208BF814400AF022FC00205A21FB
:101720008BF815405A250BF02BFA40F220070120C8
:101730005A214FF00108C2F20047BD710BF020FAA8
:10174000FD7140F24055C2F2004585F8704005F049
:1017500027FA28660320CBF834408BF800808BF8FA
:1017600019408BF80A40CBF864408BF81A408BF88C
:1017700002408BF803408BF804408BF8060001F020
:1017800084B814F17F0004BF9BF8041001291DD117
:1017900000208BF8040001208BF8020005208BF854
:1017A000060001F072B8042944D8012942D07632EB
:1017B00019D102B0BDEC048B01B0BDE8F04F01F0CF
:1017C000E7BC0A208BF8060001F05FB89BF8001018
:1017D00014F17A0219D1042900F077810B208BF8DB
:1017E000060001F052B8042924D8012922D0A11EF4
:1017F000C9B204291ED8FE30C0B202B0BDEC048BC1
:1018000001B0BDE8F04F01F04BBB8A1E022A03D3A2
:10181000042900F06D8769B9002840F0428602294A
:1018200041F0178001200124FFF7BEF98BF8024038
:1018300001F02BB80B208BF806009BF80400012860
:1018400015D19BF8000004280ED19BF8020058B176
:1018500005F0A6F9DBF83C10401A41F288318842C5
:1018600028BFFFF7B9FD02E000208BF804009BF8C9
:10187000000001380A2801F20880DFE810F00B00B0
:1018800031009600CA002E0136015D017801A201E7
:10189000C501EB019BF81900002800F0038203202A
:1018A0000AF056FA012840F0F08702F04DFE0AF0E7
:1018B0001FF9022001218BF80600FF200CF008FF21
:1018C00005F06EF9CBF86000002007218BF81900B5
:1018D0008BF800108BF80A00CBF8500000F0D5BF51
:1018E0009BF80100002847D005F05AF9DBF84810B2
:1018F000401AB0F5FA7F3AD30AF0F2F8044694EDB4
:10190000010A0FF0ECF940F21065B0EE409A94ED48
:10191000000AC2F2004595F825800FF0E0F9B0EE1C
:10192000408A94ED020A95F824700FF0D8F995F8E2
:10193000260001EE107AB8EE412A03EE100AB8EE46
:10194000431A03EE108AB8EE433AB4EEC39AF1EEAE
:1019500010FADCBFB4EEC28AF1EE10FA04DCB4EE89
:10196000C10AF1EE10FA02DD0020FFF71DF99BF825
:101970000000022840F0898705F012F904460AF0B9
:10198000AFF840F2405AC2F2004ADAF8401000299B
:1019900000F08982611A072900F285829BF8010014
:1019A000042840F2E28200F070BF05F0F9F89BF8DD
:1019B00022100446032900F2A0839BF80100DFE80F
:1019C00011F004001B034903520340F6F0113422C6
:1019D000C2F2004110FB02139A88002A00F05685DB
:1019E000DB8864277B43B3FBF2F2022800F05285C8
:1019F000012800F04C86002840F05486342210FB69
:101A00000210008D1D2800F22887FF201D2100F004
:101A100035BF05F0C5F804469BF80200002804BF56
:101A20009BF80300002840F030879BF81A0000283C
:101A300000F099830AF054F8054695ED010A0FF07D
:101A40004EF940F21068B0EE409A95ED000AC2F2ED
:101A5000004898F825600FF042F9B0EE408A95ED05
:101A6000020A98F824700FF03AF998F8260001EE6F
:101A7000107AB8EE412A03EE100AB8EE431A03EECC
:101A8000106AB8EE433AB4EEC39AF1EE10FA00F3DE
:101A90000C86B4EEC28AF1EE10FADCBFB4EEC10AD5
:101AA000F1EE10FA00F30186DBF864004FF47A726D
:101AB000002804BFCBF86440204698F82710201A6D
:101AC00011FB02F18842C0F0E08602B0BDEC048B4D
:101AD00001B0BDE8F04FFFF77FBC02B0BDEC048B56
:101AE00001B0BDE8F04F0BF07BB805F059F80446A3
:101AF0009BF80800002800F0FE8003200AF028F977
:101B00009BF80910012840F07182002900F03C8305
:101B100040F220000121C2F2004041710020092161
:101B20008BF808008BF809008BF800108BF80D007B
:101B3000CBE9150000F0A9BE05F032F804469BF889
:101B40000A00002800F00681DBF85000201AB0F5EA
:101B50007A6FC0F09A8600208BF80A00022002B04B
:101B6000BDEC048B01B0BDE8F04F01F0F5BB9BF874
:101B70000B00002800F0198103200AF0E9F8012881
:101B800040F0838600208BF80B009BF80C10002996
:101B900040F0DA849BF81710012940F0CC8440F221
:101BA00040519BF81620C2F200418B7D01329A42CF
:101BB00080F0CA8451FA82F18BF81620C97D00F0BA
:101BC000C1BC04F0EDFF04469BF80D00002800F0B6
:101BD0001581DBF8540040F6C411201A8842C0F089
:101BE000548640F220040027C2F200448BF80D70A6
:101BF00060790028207100F0F48309208BF80070D0
:101C00008BF8060000F041BE04F0CAFFDBF8581064
:101C1000002904BFCBF858000146401AB0F5E16F27
:101C2000C0F0338600200121CBF858008BF800105B
:101C30008BF806108BF819008BF80A00CBF86400BB
:101C40008BF81A008BF802008BF803008BF8040065
:101C500000F01BBE9BF80E00002800F0FB80032064
:101C60000AF076F8012840F0108600208BF80E006C
:101C70008BF818008BF825008BF826008BF82700CE
:101C80008BF80F008BF810008BF811008BF8120006
:101C90008BF813000F208BF8060005208BF800004E
:101CA00000F0F3BD0AF0B0F9002400208BF81440D6
:101CB0000AF056F900205A218BF815405A240AF0F0
:101CC0005FFF40F2200501205A210127C2F20045A2
:101CD000AC710AF055FF0320EC710AF039F8FF20CF
:101CE00024210CF0F5FC04F05BFFCBF860008BF8CE
:101CF000197000F0CABD0AF087F9002500208BF8A2
:101D000014500AF02DF900205A218BF815504FF08D
:101D10005A080AF035FF40F2200701205A214FF0FF
:101D20000109C2F2004787F806800AF029FF032064
:101D300087F807800AF00CF8FF2025210CF0C8FC7A
:101D4000CBF860408BF808908BF80950CBF84C50DA
:101D500000F09BBD0AF058F9002500208BF81450C4
:101D60000AF0FEF800205A218BF815505A250AF087
:101D700007FF40F2200701205A214FF00108C2F26C
:101D80000047BD710AF0FCFE9BF801000FF6507190
:101D9000FD71095CFF200CF09BFCCBF86040CBF898
:101DA00050408BF80A8000F070BD0AF02DF9002435
:101DB00000208BF814400AF0D3F800205A218BF849
:101DC00015405A240AF0DCFE40F2200501205A2179
:101DD0000126C2F20045AC710AF0D2FE0320EC717C
:101DE00009F0B6FFFF2026210CF072FC04F0D8FEAB
:101DF000CBF860008BF80B6000F047BD0AF004F9E7
:101E0000002500208BF814500AF0AAF800205A216F
:101E10008BF815505A250AF0B3FE40F22007012036
:101E20005A214FF00108C2F20047BD710AF0A8FE26
:101E3000FD712D21787900284FF0FF0008BF2C217B
:101E40000CF046FCCBF86040CBF854408BF80D808A
:101E500000F01BBD0AF0D8F8002400208BF81440D5
:101E60000AF07EF800205A218BF815405A240AF017
:101E700087FE40F2200501205A210127C2F20045C9
:101E8000AC710AF07DFE0320EC7109F061FFFF20C8
:101E90002E210CF01DFC04F083FECBF860008BF8C3
:101EA0000E7000F0F2BCCAF840409BED171A40F2E9
:101EB0001064DAF83010C2F200440131CAF8301070
:101EC000618C9AED0D0A31EE000A8AED0D0A9AED49
:101ED0000E0A90ED062A32EE000A8AED0E0AB2EEE4
:101EE000040A21EE008A00EE101AB8EE400AB4EEA1
:101EF000C08AF1EE10FA0BDD9BF8011040F6F012EB
:101F00003423C2F2004211FB03210A6B0A320A6336
:101F100090ED000A0EF0E3FE94F8240040F6F01174
:101F20003422C2F2004101EE100AB8EE411AB4EEBA
:101F3000C10AB6EE000AF1EE10FA38EE000AC2BF8E
:101F4000DAF83C000130CAF83C009BF80100BCEE16
:101F5000C00A10FB021110EE102A31F82A3F9342FA
:101F600038BF0A80042800F29084DFE810F00500F2
:101F70002A014401BA01010204F012FEDBF83050DC
:101F800004460AF049F8012700208BF8147009F084
:101F9000FBFF8BF81570651B09F0A2FD40F210677E
:101FA00090ED060AC2F2004797F8281001EE101AC9
:101FB000B8EE411AB4EEC10AF1EE10FA0CDDDBF80E
:101FC000600040F6B931201A884205D3FF20022173
:101FD0000CF07EFBCBF86040B87A4FF47A7110FBBE
:101FE00001F08542C0F0518400F084BE012940F028
:101FF0004C84DBF84C00CDE0012877D140F6F0119D
:102000003422C2F2004110FB02139A88002A6DD0DC
:10201000DB8864277B43B3FBF2F2502A66D3DBF8FC
:102020007820A21AB2F5FA6F60D3342210FB0210A6
:1020300040F2DC522121C06990424FF0FF0038BFCE
:1020400020210CF045FB0220CBF878408BF82200D1
:1020500000F01BBCDBF8780041F27071201A884256
:10206000C0F0138449E0DBF87800201AB0F57A6FED
:10207000C0F00B8409F0C8FF002400208BF8144046
:1020800009F06EFF00205A218BF815405A250AF0FE
:1020900077FD40F2200601205A21C2F20046B571B8
:1020A0000AF06EFD40F24050CBF864408BF81A40C5
:1020B000CBF834408BF802408BF803408BF8044097
:1020C0008BF80B40F571C2F2004080F8704006209A
:1020D0008BF800000C208BF806008BF808408BF87A
:1020E0000940CBF84C408BF80D40CEE3DBF878008C
:1020F000201AB0F5FA5FC0F0C8839BF817000128DA
:1021000017D140F240509BF81610C2F20040807D7B
:10211000013181420DD2002008218BF80C008BF890
:1021200022008BF800100D218BF806108BF80B00A5
:10213000ABE340F240500121C2F2004080F8281089
:1021400040F220010020C2F200418BF817008BF80A
:1021500022000979002900F03A818BF8000009205B
:102160008BF8060091E3FF2002210CF0B1FA04F095
:1021700017FDCBF8600002209621642202F024FCB7
:1021800001208BF81A0080E301208BF80900CBF8BE
:102190004C402046201AB0F5167FC0F0768340F2FE
:1021A00020000021C2F200408BF808108BF80910C3
:1021B000417109208BF800008BF80D10CBE9151147
:1021C00063E304F0EDFC80469BF81E00002800F05D
:1021D00070829BF81F10022900F0AE83012900F0E5
:1021E000BA83002940F0F5849BF81D10814280F0ED
:1021F000818500F061BD04F0D3FCDAF80040804630
:1022000009F00AFF0120A8EB04098BF814009BF8E1
:102210002300002800F0AC81032009F099FD01287B
:1022200004BF9BF82900002800F0358340F21061BC
:10223000C2F20041888A8145C0F027839BF829209B
:10224000002A40F022839BF8012040F22003897885
:10225000C2F20043DB7A0AEB02052F7C172F1BD852
:102260009BF824607C1C8B422C7440F6307402EB8B
:102270004205C2F2004404EB85154FF0000405F856
:1022800037604FF0000628BF012405EBC7077C70BC
:10229000BE700126FE70786040F6F01034278B4245
:1022A000C2F2004012FB0700828800F10E0702F123
:1022B0000102828028BF00F10A07AAF86420398849
:1022C00001313980018901310181C18890ED060A0F
:1022D000FF20AAF86610B8EE400A04218AED1A0A17
:1022E000F9E204F05DFC40F2106780469BF81B1099
:1022F000C2F20047B87D814280F0FC849BF81C004C
:1023000097F817903C7E012800F0F482002840F0F6
:10231000F0830020002409F023FEBD788BF81540DF
:102320000A246FF0550900200A2D98BF2546AA2DD2
:1023300028BF4D46E9B20AF023FC787940F2200626
:10234000C2F20046B57101250A2888BF0446012063
:10235000AA2C28BF4C46E1B20AF012FCF47109F035
:102360005BFE8BF81450CBF868808BF81C508CE225
:1023700004F016FC04469BF82100012800F00282BC
:10238000002840F0258240F210659BF82000C2F240
:102390000045A97E884280F0AD8495F8201001297F
:1023A00040F0F682252110FB014048F21F51C5F292
:1023B000EB11A0FB01125109642201FB1200EA7F1C
:1023C000A97F904228BFC1F10101C8B2E2E2FF201B
:1023D00016210CF07DF90320CBF878408BF8220011
:1023E00053E240F2405505204FF001084FF482714E
:1023F0008BF801708BF81670C2F200458BF81780CD
:102400006F75A8750220EF7585F81880687603202F
:10241000A8760420E87640F6F010C5E90877C5E90B
:102420000A77C2F20040FDF7C5FF40F630704FF466
:102430007071C2F20040FDF7BDFF20692F752F615A
:10244000411CE8614FF4A060216108BFC4F810800E
:102450002884E87E85F82600D5F81700C5F8220004
:1024600000208BF801008BF800808BF806808BF839
:1024700019008BF80A00CBF864008BF81A008BF86F
:1024800002008BF803008BF80400FEE10022022812
:102490007FF4AEAAD2B2312A00F2E681FF200E21EB
:1024A000ECE104F07F000A283FF483A909287FF4B7
:1024B000C4A99BF805008BF8070004F071FBCBF86A
:1024C000440009F0A1FD002400208BF8144009F01D
:1024D00047FD00205A218BF815405A250AF050FB81
:1024E00040F2200701205A214FF00108C2F20047B4
:1024F000BD710AF045FBFD7140F24055C2F2004546
:1025000085F8704004F04CFB28660320CBF834407B
:102510008BF800808BF819408BF80A40CBF86440A8
:102520008BF81A408BF802408BF803408BF804407C
:102530008BF80600A9E19BF801100131CAB2042A08
:1025400088BF00218BF8011001218BF800108BF857
:1025500006108BF819008BF80A00CBF864008BF892
:102560001A008BF802008BF803008BF804008CE152
:1025700040F22007CDF8048001EE109AB7EE002A51
:10258000B8EE003AB0EE084A0A24C2F2004797EDCE
:10259000050A387AB8EE411AB8EE400AF97A81EEA7
:1025A000000A01EE100A6FF0550080FE420AB8EEF4
:1025B000411A00EE034A05EE101A20EE000AB8EEAA
:1025C000452A20EE048A32EE412A02EE081ABCEEB9
:1025D000C10A10EE105A0A2D98BF2546AA2D28BF11
:1025E000054697F80C807E7A0020E9B20AF0C8FA16
:1025F00000EE106A01EE108A6FF055004FF00108EE
:10260000B8EE400AB8EE411A31EE401A01EE080A5F
:10261000BCEEC00ABD7110EE106A0A2E98BF2646A5
:10262000AA2E28BF06460120F1B20AF0A9FAFE71CF
:1026300078698145C0F02981FE7A6FF05505002048
:102640000A2E98BF2646AA2E28BF2E46F1B20AF0BF
:1026500097FABE71387B0A2888BF04460120AA2C4D
:1026600028BF2C46E1B20AF08BFAFC718BF823806C
:1026700007210198CAE9000000208BF82900FF20FB
:102680000CF026F804F08CFACBF86000FDE0D0B234
:102690000E21312888BF0D214F284FF0FF0088BF41
:1026A0000C21EBE0FF200A21E8E00020CBF86400D9
:1026B000EBE040F21061C2F20041C87A00288BF8CA
:1026C0001E0000F06381097C012900F0AB82022921
:1026D00000F0B582032940F0BF8200210AEB01021D
:1026E00001F007030131884282F84430F6D1BDE29F
:1026F00004F07F000A283FF45CA809287FF49DA815
:102700009BF805008BF8070004F04AFACBF8440068
:1027100009F07AFC002400208BF8144009F020FC1A
:1027200000205A218BF815405A250AF029FA40F268
:10273000200701205A214FF00108C2F20047BD7165
:102740000AF01EFAFD7140F24055C2F2004585F8CC
:10275000704004F025FA28660320CBF834408BF84B
:1027600000808BF819408BF80A40CBF864408BF856
:102770001A408BF802408BF803408BF804408BF82A
:10278000060082E040F21061DBF87400C2F2004102
:102790000989201A884278D309F03EFC01201A21C9
:1027A0008BF814009BF82B0000284FF0FF0018BF97
:1027B00019210BF08DFFCBF86040CBF870409BF8EF
:1027C000200001308BF8200002208BF821005CE013
:1027D000DBF870100228A4EB010740F012810320FF
:1027E0004FF0030809F0B4FA012840F008819BF883
:1027F00020009BF82B100122002300970025FF30BA
:10280000C0B2FEF771FD09F0FFFB40F210608BF8DB
:102810001450C2F20040867800200A2E98BF0A2683
:10282000AA2E28BF6FF05506F1B20AF0A9F940F2BE
:1028300020001B21C2F200408671FF200BF048FFF0
:1028400004F0AEF9CBF86000CBE91C548BF8218082
:102850001BE00B208BF8060017E031284FF0FF003B
:102860008CBF1F211E2109E0342210FB0210C08DF5
:10287000C9284FF0FF0034BF222123210BF028FF8D
:102880000120CBF878408BF8220002B0BDEC048B1D
:1028900001B0BDE8F08F40F21060C2F200408178D4
:1028A00040F22000C2F20040C27A01208BF82900D9
:1028B000DAF804008A424FF000014FF00102A8EB61
:1028C00000039BF82400009328BF01210023FEF79A
:1028D0000BFDFF2003210BF0FBFE04F061F9CBF8A8
:1028E0006000404602B0BDEC048B01B0BDE8F04F83
:1028F00009F096BE032009F02BFA012840F0F7807A
:10290000DBF86800012200230024A8EB00019BF8FB
:102910001B0000910021FEF7E7FC09F075FB8BF826
:1029200014409BF81B0001308BF81B0002208BF831
:102930001C00CBF86880A8E7032009F009FA0128F9
:1029400040F045819BF8280040F00201032940F047
:102950001082012111E240F21061DBF86C00C2F23A
:1029600000410989A8EB000088428ED309F054FB8E
:102970000120CAF804808BF814000020CBF87C807A
:102980008BF8290002208BF81F007EE700216EE102
:1029900000F001008BF82B0009F036FB0020691CC9
:1029A0000A276FF055088BF814009BF82B000028BD
:1029B0004FF0000018BFE91C0E780A2E98BF3E4663
:1029C000AA2E28BF4646F1B20AF0DAF8687940F23A
:1029D00020090125C2F2004989F806600A2888BF4B
:1029E00007460120AA2F28BF4746F9B20AF0C8F8C7
:1029F000CBF8744089F807708BF8215045E79BF8B5
:102A00002100032800F0CD8002287FF43EAF40F281
:102A10001068C2F20048B8F81C108F42FFF435AFBE
:102A20009BF801209BF82B000AEB02073B7C172B3D
:102A300016D89BF820605D1C3D7440F6307502EBA3
:102A40004207C2F2004505EB8717FF3607F83360EF
:102A500007EBC303002758709F700127DF70596090
:102A600040F6F01134230028C2F2004112FB03119A
:102A70008A8801F10E0302F101028A8018BF01F178
:102A80000A03AAF8642018880130188008890130E8
:102A90000881C88891ED060A0821AAF86600B8EEF8
:102AA000400AFF208AED1A0A0BF012FE04F078F8B3
:102AB000CBF8600009F0A8FA98F802600025002021
:102AC0008BF814500A2E98BF0A26AA2E28BF6FF042
:102AD0005506F1B20AF054F840F22000CBE91C543C
:102AE000C2F20040867103208BF82100CDE69BF8EE
:102AF0001C004FF47A7102285DD001287FF4C5AE26
:102B000019FB01F0DBF86810A8EB01018142FFF42A
:102B1000BCAE9BF801100AEB01031A7C172A15D8EA
:102B20009BF81B70561C1E7440F6307601EB410377
:102B3000C2F2004606EB831303F8327003EBC202C5
:102B40000023537093700123D370506040F6F0104F
:102B50003422C2F2004011FB0200818801318180E1
:102B6000AAF86410C2890132C2810289013202814D
:102B7000C18890ED060AAAF86610B8EE400A8AED00
:102B80001A0A09F041FA00208BF814009BF81B0088
:102B900001308BF81B0002208BF81C00CBF86880FA
:102BA00073E6DBF87400201AB0F57A7F24BF0020AA
:102BB0008BF8210069E614FB01F0DBF86810A8EB44
:102BC0000101814224BF00208BF81C005DE69BF8C8
:102BD0001F10032917D002297FF457AEDBF87C00C1
:102BE000A8EB000140F21060C2F2004080898142EF
:102BF000FFF44BAE9BF8282042F00201032940F07D
:102C0000EF800121F0E040F21061DBF86C00C2F2CD
:102C10000041C989A8EB0000884224BF00208BF83E
:102C20001F0032E600220221571C0AEB020361F367
:102C30005F0283F84420B8423A46F5D116E00022FC
:102C40000321571C0AEB020361F35F0283F844205F
:102C5000B8423A46F5D109E000210AEB010201F041
:102C600003030131884282F84430F6D1014601F174
:102C7000FF02120619D0481E0AF14404C5B22F46BD
:102C800007EB071603F08CFF3044791C013DB0FBC5
:102C9000F1F202FB1100E25DC0B2215CE155EFB23E
:102CA0002254002FECD19BF81E0000218BF81D1040
:102CB0008BF81F1081421DD20AEB010090F84410DE
:102CC00040F21060C2F20040857806298BF8281087
:102CD0001FD890F805900FF21002D2E801F000BF63
:102CE0002728292A2B000000091317191D1F14007B
:102CF000457808E002B0BDEC048B01B0BDE8F04FB0
:102D0000FDF7D2BDC57890F8049008E0457800E062
:102D1000C57890F8069002E0457800E0C57809F0A3
:102D200073F900200A240A2D6FF055068BF8140061
:102D300098BF25460020AA2D28BF3546E9B209F0E4
:102D40001FFF40F22007B9F10A0F4FF00100C2F255
:102D50000047BD7188BF4C460125AA2C28BF3446C8
:102D6000E1B209F00DFFCBF86C80FC718BF81F50BD
:102D70008BE5411FB1FA81F14909DAF804200023FB
:102D80000024A8EB020200920122FEF7ADFA09F03E
:102D90003BF98BF814409BF82A0001308BF82A008D
:102DA000C0B2032806D3FF2012210BF091FC8BF850
:102DB0002A4003E0FF2003210BF08AFC03F0F0FE21
:102DC000CBF860000020CBF87C009BF81D000130A0
:102DD0008BF81D000320CBF86C808BF81F0054E5A6
:102DE000511FB1FA81F149099BF801300AEB030543
:102DF0002F7C172F13D87E1C2E7440F6307503EBF2
:102E00004306C2F2004505EB861606F8372006EBAE
:102E1000C7020027517097700127D770506040F6A5
:102E2000F010342200294FF00004C2F2004013FBDE
:102E30000200828800F10E0302F10102828018BFB5
:102E400000F10A03AAF86420198801311980018968
:102E500001310181C18890ED060AAAF86610B8EE2A
:102E6000400A8BF82A408AED1A0A09F0CDF8FF20B3
:102E700004218BF814400BF02BFC03F091FECBF8EF
:102E80006000CBF87C409BF81D0001308BF81D00E2
:102E90000320CBF86C808BF81F00F6E400000000E4
:102EA0002DE9F04381B00446042C00F2988009F02B
:102EB000ABF840F2504500200026C2F200452E75C6
:102EC00009F04EF800205A216E755A2609F058FE76
:102ED00040F2200801205A21C2F2004888F806601A
:102EE00009F04EFE687840F6F011342288F8076049
:102EF000C2F2004110FB021252789AB140F24052E5
:102F0000C2F2004292F82730002B1CBF013B82F82E
:102F10002730342310FB0310D16A4069814224BF5B
:102F2000081AD06240F24057C2F20047B87D00282C
:102F30001CBFE87D002804D0A87D3844C07DA04295
:102F400036D040F6F01000264FF001094FF48271A0
:102F5000C2F20040BE6187F8159087F81690AE75F2
:102F6000FC7588F8049085F81790C7E90866C7E9EA
:102F70000A66FDF71FFA40F630704FF47071C2F226
:102F80000040FDF717FAD8F810003E753E61411C6D
:102F9000F86140F20110C8F8101008BFC8F810908E
:102FA0003884F87E87F82600D7F81700C7F8220083
:102FB0006C70002487F8704003F0F2FD6C66AC760C
:102FC0006C63AC70EC7038662C7103F0E9FDA86599
:102FD0000A2028700E20A87103F0E2FDA86501B058
:102FE000BDE8F08300000000014640F25040C2F20C
:102FF000004002780220062A00F2C880012303FA6A
:1030000002F212F0490F00F0C180002902BF052032
:10301000C0B27047087802281EBF0820C0B27047AF
:103020004A780A2A4AD3CB78AA2B47D891F802C00B
:103030000620624538BF9C4580F0A880981A00F0B1
:10304000FE000A2824BF0A790A2A37D38B79AA2BD3
:1030500034D891F805C00620624538BF9C4580F001
:103060009580981AC0B2052828D30889643880B2A0
:10307000B0F5C87F22D8887A0538C0B237281DD865
:10308000C87A0438C0B2102818D88889A0F57A7098
:1030900080B2B0F57A6F11D8C889A0F5967080B269
:1030A000B0F52F7F9CBF087C032807D8487C0538E3
:1030B000C0B219289CBF887C032802D90620C0B260
:1030C0007047C87C0138C0B20228F7D8888AA0F5BA
:1030D0007A7080B2B0F57A6FF0D8887D0238C0B2CD
:1030E0000828EBD8C87D0238C0B20828E6D8087E88
:1030F0000138C0B20928E1D8487E0128DED1887E97
:103100000438C0B21028D9D8888B41F27072A0F56B
:10311000FA6080B290429CBF887F0128CED8C87FD9
:103120003238C0B21E289CBF91F820000128C5D8B3
:10313000488C1E3880B24628C0D891F824000A383E
:10314000C0B20A28BAD891F825000A38C0B20A28B5
:10315000B4D891F826000F38C0B20F28AED891F835
:1031600027000238C0B20828A8D891F828000138F2
:10317000C0B20228A2D880B540F210602A22C2F262
:103180000040FDF7F0F80020BDE88040C0B2704775
:10319000F0B581B040F25044C2F200446079E07171
:1031A00003F0FEFC606408F02FFF00250020257569
:1031B00008F0D6FE00205A2165755A2609F0E0FC79
:1031C00040F2200701205A21C2F20047BE7109F0E7
:1031D000D7FCFE7140F24056C2F2004686F87050AD
:1031E00003F0DEFC6566A5766563A570E570257164
:1031F0003066E07D012812D1A07DB17D013088428A
:103200000DD2A07556FA80F0C07D60700120207349
:10321000082020700D20A0710020E07203E009203A
:10322000E5752570A0710420A07101B0F0BD00000B
:103230002DE9F04381B040F250440226C2F200442E
:103240002178062900F28480012202FA01F111F0AE
:10325000490F7DD020B10178012903D9072677E0F5
:10326000072675E0C9B141784A1ED2B2042A01D9B5
:1032700007266DE000220123002700BF50FA82F6E6
:10328000B678042E61D803FA06F6FFB23E425ED14C
:1032900001323743D6B28E42F0D3817940F24055A5
:1032A000C2F20045E9768188A5F819100068C5F8D2
:1032B00015006E7D3EB90520C0F20120C5F816004C
:1032C00040F20340688340F2200940F6F0100027E6
:1032D0004FF001084FF48271C2F20049C2F200407F
:1032E000A77584F8178089F8046089F80560C5E936
:1032F0000877C5E90A77FDF75DF840F630704FF4BE
:103300007071C2F20040FDF755F8D9F810002F7522
:103310002F61411CE861C9F8101008BFC9F810807E
:1033200085F820600026A87D85F821000028E97E28
:1033300085F82610D5F81710C5F8221008D0E87DBA
:10334000A6756070FFF7ACFD02E0072600E00726D7
:10335000F0B201B0BDE8F0832DE9F04F81B02DED62
:10336000028B40F250450B28C2F20045287000F253
:103370000481DFE810F00C000F001A008700020142
:1033800002018E0096009A009F00A400AA00092066
:10339000A871F2E00120A87100206876A872686622
:1033A000A876A870E8702871E7E040F240564FF028
:1033B0000808002740F6F01A4FF0340B3421C2F20F
:1033C000004685F80680C2F2004AC6E91677C6E9CB
:1033D0001877C6E91A7737676C7814FB0BA948464B
:1033E000FCF7E8FF14FB0BF040F630710AF80040E0
:1033F0004FF0FF30C2F20041C9F8200004EB440056
:10340000C6E90C77C6E90E77376401EB8010C0215E
:10341000FCF7D0FF3019077486F8584003F0C0FB62
:10342000F06503F0BDFB2863F06DA86485F8237098
:1034300085F8247003F0B4FB306040F2106640F26F
:103440002004C2F20046C2F20044B27CB078717926
:10345000531E20726172DBB2022B08D840F20227A1
:10346000DB00C0F2040727FA03F35FFA83F8F37C6A
:10347000022A08FB03F3A3722CD0012A72780B46B0
:10348000E2722AE00720A871002085F82200A867D0
:1034900073E00C20A871002028726872E8646873D9
:1034A0006BE00020A872286567E00D20A87100205D
:1034B000E87262E000206873C5E915005DE00E2047
:1034C000A87103F06DFBA86557E00F20A8710020DC
:1034D000A87352E03379E072024600EE101A01EE52
:1034E000103A02EE100A03EE102AB8EE400AB8EEC7
:1034F000411AB8EE422AB8EE433A237331EE400A3D
:1035000033EE421A20EE008A01EE018AB0EE480A3C
:103510000DF0A6FFB4EE400AF1EE10FA03D0B0EEC3
:10352000480A0DF09DFF9FED171A707C20EE010AEE
:1035300001EE100AB8EE411A80EE010ABCEEC00A94
:1035400010EE100AB0F5967F98BF4FF49670606148
:103550000020E8762877A8666877A877E877E86695
:1035600085F82000286785F8210068676866A876D6
:10357000286685F82200C5E91E00BDEC028B01B06B
:10358000BDE8F08F00007A4440F6000001210122DE
:10359000C5F6020003F0FCBA40F60000012100224B
:1035A000C5F6020003F0F4BA80B588204FF48061BC
:1035B00040F2C05300224FF07E5EC5F60000C2F21A
:1035C000004301604FF480510160EFF3108CEFF382
:1035D000108072B640F2D04140F24060C2F2004129
:1035E000C2F200404A714A708A70CA704A720A7107
:1035F0004A628A62CA628A710A61CA604A618A61E1
:10360000CA610A62CA710A721A701A811A615A6111
:103610009A611A77DA62DA631A645A649A64026009
:1036200042608260C0F80CE0026142618261C26166
:10363000026242628262C26280F8302080F83120E9
:1036400040F280605A805A811A621A630A63CA6320
:103650009A809A815A625A634A630A64DA80DA81EC
:103660009A629A638A634A64C1F848E0CA640A6548
:103670004A65C1F858E0CA650A664A66C2F2004067
:10368000C0E9002240F27860C2F20040C0E90022A6
:103690000120087048708870C8708CF31088BDE8ED
:1036A000804001F005B90000EFF31080EFF31081C6
:1036B00072B6002240F2D041C2F200414A7280F359
:1036C00010887047000000002DE9F0472DED108BA9
:1036D00030B1006843F60006C4F20006B04203D0E1
:1036E000BDEC108BBDE8F08740F2D045C2F200453A
:1036F000AF7900F049FF0446032F74D0022F00F089
:10370000A480012F40F05F8500F07AFD686940F2E7
:10371000C0569FEDE9FAC2F200460130686140F2FE
:103720007860C2F200404178827841EA022140F29A
:1037300018027181C2F2004209B292ED010A01EE53
:10374000101AB8EEC11A20EE011A86ED0C1AC178D3
:10375000027941EA02210AB201EE102AB8EEC11A3A
:10376000B18120EE011A86ED0D1A4179807941EA86
:10377000002001B201EE101AB8EEC11AF08120EE5D
:10378000010A86ED0E0A00EE104A307840F0010082
:103790003070307F40F001003077B8EE400A74613D
:1037A000746420EE0F0A86ED0F0AA86A002800F064
:1037B000A080A86A9FEDC10A9FEDC11A201A02EEEF
:1037C000100AB8EE422A22EE0F2AB4EEC02AF1EE19
:1037D00010FAB5EEC02A31FE028AF1EE10FAD8BF17
:1037E000B0EE418A87E0FFF7CFFEE8690022B4EE31
:1037F000001AB3EE072A0130E86140F27860C2F2A5
:1038000000408178C078400940EAC100A6F140211B
:10381000B2EB902F18BF084340F2C05100EE100ADF
:10382000C2F20041B8EEC00A088100EE012A81ED23
:103830000B2A087840F004000870087F40F004006C
:1038400008778C618C6400F0BEBCFFF79DFEA86910
:1038500040F2786140F21803C2F20041C2F2004324
:103860000130A8618878CA7840EA022240F2C0504C
:10387000C2F20040428012B293ED000A01EE102A1B
:10388000B8EEC11A20EE011A80ED081A0A794B79B8
:1038900042EA032213B201EE103AB8EEC11A828056
:1038A00020EE011A80ED091A8A79C97942EA0121CC
:1038B0000AB201EE102AB8EEC11AC18020EE010A48
:1038C00080ED0A0A017841F002010170017F41F0A8
:1038D0000201017704610464686A01306862686A01
:1038E0003228C0F07084002068620120E87000F087
:1038F0006ABC9FED738AAC6296ED0CEA96ED0DDA28
:1039000096ED0ECA96ED091A96ED080A96ED0A2A6A
:1039100021EE01AA00EE00AA02EE02AAB0EE4A0AC7
:103920000DF09EFDB0EE409AB4EE499AF1EE10FA19
:1039300005D0B0EE4A0A0DF093FDB0EE409A2DEEA0
:103940000DBA0EEE0EBA0CEE0CBAB0EE4B0A0DF03C
:1039500087FDB0EE40AAB4EE4AAAF1EE10FA05D007
:10396000B0EE4B0A0DF07CFDB0EE40AA96ED091AC0
:1039700096ED080A96ED0A2A21EE01BA00EE00BA89
:1039800002EE02BAB0EE4B0A0DF06AFDB4EE400A48
:10399000F1EE10FA03D0B0EE4B0A0DF061FD9FED91
:1039A000491AB4EEC1AAF1EE10FA0FDA9FED461AE9
:1039B00030EE010A0DF093F9B7EE001AB4EEC10A29
:1039C000F1EE10FAB4BF0120002000E000202872C0
:1039D000E87900281CBF287A00281FD095ED0C0A32
:1039E0009FED3A1A95ED0C2A3EEE400A00EE012AB0
:1039F00085ED0C2A95ED0D0A95ED0D2A3DEE400A58
:103A000000EE012A85ED0D2A95ED0E0A95ED0E2AA0
:103A10003CEE400A00EE012A85ED0E2A95ED0C0AD7
:103A200095ED0D1A95ED0E2AE879002854D07DEE1B
:103A300041AA7EEE409A95ED12EAD5ED138A7CEE0E
:103A400042BA95ED14DA95ED15CA2AEEAABA09EE36
:103A5000A9BA0BEEABBAB0EE4B0A0DF001FDB0EE19
:103A600040AAB4EE4AAAF1EE10FA05D0B0EE4B0A25
:103A70000DF0F6FCB0EE40AA9FED151A28EE0A0AEA
:103A8000B4EEC10AF1EE10FA40F3C880B6EE001AA7
:103A900020EE01BAB0EE4B0A0DF01AFC80EE0AAA35
:103AA000B0EE4B0A0DF06CFB2BEE8A1A2AEE8A3A26
:103AB00029EE8A2ABAE000BFBD3786350AD7A33C73
:103AC0006F12833A0AD7A33D0AE81CC10AD7233BE9
:103AD0005F70893000000000287A002800F05682CC
:103AE00095ED0F0A3EEE000A85ED0F0A95ED100ADE
:103AF0003DEE000A85ED100A95ED110A3CEE000A34
:103B000085ED110AE86A0130E862E86AB0F5487F9D
:103B1000C0F0528395ED0F0A95ED0B1AB4EECF9AD3
:103B2000F1EE10FAB8EE411A80EE010A85ED0C0AAA
:103B300095ED0C0A95ED100A95ED0B1AB8EE411AA9
:103B400080EE010A85ED0D0A95ED0D0A95ED110A3D
:103B500095ED0B1AB8EE411A80EE010A85ED0E0ABA
:103B600095ED0E0A307F40F3178210F0020000F04E
:103B7000138296ED09BA96ED08DA96ED0AEA2BEE75
:103B80000B9A0DEE0D9A0EEE0E9AB0EE490A0DF05C
:103B900067FCB0EE40AAB4EE4AAAF1EE10FA05D0E6
:103BA000B0EE490A0DF05CFCB0EE40AAB4EECFAA2C
:103BB000F1EE10FA40F34D828BEE0ACA8EEE0ABA8D
:103BC000B0EE4C0AF0EE4B0A0DF0B2F92BEE0BBA48
:103BD000B0EE409A0CEE0CBAB0EE4B0A0DF040FC81
:103BE000B0EE401A8DEE0A0AB4EE411AB1EE40AAC8
:103BF000F1EE10FA05D0B0EE4B0A0DF031FCB0EE4C
:103C0000401AB0EE4A0AF0EE410A0DF091F9B6EE14
:103C1000001A29EE01AA20EE019A1EE21FED531AA6
:103C2000B7EE000AB0EE413AB0EE412A68EE80AA43
:103C30002EEE00BA6EEE039A68EE83BA4EEE02AA3A
:103C400008EEC2BA48EEC19A4EEE01BA4DEE01AA94
:103C50000DEE43BA4DEE009A4DEE42BA4CEE43AA39
:103C60000CEE41BA4CEE029A4CEE00BA2AEEAAAA29
:103C70000BEE0BAA09EEA9AA0BEEABAAB0EE4A0A0C
:103C80000DF0EEFBB4EE400AF1EE10FA03D0B0EE08
:103C90004A0A0DF0E5FBB4EECF0AF1EE10FA0EDDA4
:103CA000C9EE809ACAEE80AACBEE008ACBEE80BA2B
:103CB00019EE909A1AEE90AA18EE908A0DE05FED38
:103CC0007B9A4FF07E58F7EE008A4FF000094FF0D4
:103CD000000AF0EE69AAF0EE69BA307FB4EECF9A2E
:103CE0001BEE907AF1EE10FA40F3448110F00200DE
:103CF00000F0408196ED09BA96ED08DA96ED0AEAF1
:103D00002BEE0B9A0DEE0D9A0EEE0E9AB0EE490ABE
:103D10000DF0A6FBB0EE40AAB4EE4AAAF1EE10FAFE
:103D200005D0B0EE490A0DF09BFBB0EE40AAB4EE10
:103D3000CFAAF1EE10FA31DD8BEE0ACA8EEE0ABA86
:103D4000B0EE4C0AF0EE4B0A0DF0F2F82BEE0BBA87
:103D5000B0EE409A0CEE0CBAB0EE4B0A0DF080FBC0
:103D6000B0EE401A8DEE0A0AB4EE411AB1EE40AA46
:103D7000F1EE10FA05D0B0EE4B0A0DF071FBB0EE8B
:103D8000401AB0EE4A0AF0EE410A0DF0D1F8B6EE54
:103D9000001A29EE01AA20EE019A03E01FEDB3AA52
:103DA000B0EE4A9A2BEEAB0A28EEAB1AF7EE00CA39
:103DB00009EEA90A09EEAA1A30EE002A31EE010A2C
:103DC0007CEEC20A0DF0B4F8B0EE40BAB0EE4A0A8A
:103DD0000DF0D6F9B0EE40CAB0EE4A0A0DF078FA0E
:103DE000B0EE40AAB0EE490A0DF0CAF9B0EE40DAE2
:103DF000B6EE000A2BEE00BAB0EE490A0DF068FAF2
:103E0000B0EE409AB0EE4B0A0DF0BAF9B0EE40EACF
:103E1000B0EE4B0A0DF05CFA2AEE0D1A2AEE092AD2
:103E20002CEE093A2CEE0D4A21EE0EAA22EE00BA33
:103E300021EE00CA24EE00DA03EE40AA04EE0EBA28
:103E400003EE0ECA02EE4EDA2AEE0A9A0BEE0B9A37
:103E50000CEE0C9A0DEE0D9AB0EE490A0DF000FB37
:103E6000B4EE400AF1EE10FA03D0B0EE490A0DF0BC
:103E7000F7FAB4EECF0AF1EE10FA0EDD8CEE00CABE
:103E80008AEE00EACBEE00CA8DEE00DA1CEE100AD4
:103E90001EEE102A1CEE901A09E09FEDD3CA4FF0D7
:103EA0007E5100200022B0EE4CEAB0EE4CDA9FEDDD
:103EB000CF0A68EE00EAF5EEC0EAF1EE10FA59DD3D
:103EC000F7EE00DAF4EEEDEAF1EE10FA80F233816B
:103ED00028EEAC0A0AEE8E0A09EE8C0A0BEE8D0A69
:103EE000B5EEC00AF1EE10FA09DAB1EE4DDAB1EE34
:103EF0004CCAB1EE4EEAF1EE6CCAB1EE400A9FED4B
:103F0000BC1AB4EEC10AF1EE10FA51DD3CEEE80A3B
:103F10003EEE6A1A4EEE808A4EEE81AA3CEE690AA7
:103F200028EEA89A3DEE6B1A4EEE809A0AEEAA9AF7
:103F30004EEE81BA09EEA99A0BEEAB9AB0EE490AA1
:103F40000DF08EFAB4EE400AF1EE10FA03D0B0EEA6
:103F5000490A0DF085FAB4EECF0AF1EE10FA40F3FB
:103F6000D58089EE80CA8AEE80EAC8EE80CA8BEEE0
:103F700080DA67E0B0EE6BDAB0EE69CA4846B0EEC0
:103F80006AEA5246F0EE68CA4146D6E00020E8628E
:103F9000E863286468640FE14FF07E500021A86454
:103FA000E96429656965A865E96529666966AAE025
:103FB0000CF09CFEB0EE409A3DEEEEBA0DF088F9A2
:103FC000B0EE40AA2BEE090A0DF082F9B0EE40BA2D
:103FD0002EEE890A0DF07CF980EE0A0A8BEE0A1AA1
:103FE0002EEE00BA2CEE80AA2CEE00CA2DEE00DADE
:103FF0000AEE81BA08EE81AA09EE81CA0BEE81DAD7
:104000002BEE0B9A0AEE0A9A0CEE0C9A0DEE0D9A14
:10401000B0EE490A0DF024FAB4EE400AF1EE10FABF
:1040200003D0B0EE490A0DF01BFAB4EECF0AF1EE60
:1040300010FA74DD8CEE00CA8BEE00EACAEE00CAFC
:104040008DEE00DA1CEE100A1EEE102A1CEE901AFD
:1040500071E09FED65AAB0EE4A9AB0EE4A0A0DF003
:104060008FF8B0EE40BAB0EE4A0A0DF031F9B0EE7A
:1040700040CAB0EE490A0DF083F82CEE00EA2BEEB0
:1040800000DAB0EE490A2EEE0EAA0DEE0DAA0DF0E2
:104090001FF92BEE009A2CEE00BA09EE09AA0BEEDE
:1040A0000BAAB0EE4A0A0DF0DBF9B4EE400AF1EECD
:1040B00010FA03D0B0EE4A0A0DF0D2F9B4EECF0AEE
:1040C000F1EE10FA12DDB1EE4B1A89EE002A8EEEF7
:1040D000003A8DEE004A81EE000A12EE100A13EE4D
:1040E000102A14EE101A10EE103A04E04FF07E5130
:1040F000002000220023A964A965EA64EA65286516
:1041000028666B656B660120E87155E09FED36CA45
:104110004FF07E51F7EE00CA0020002207E09FED2D
:1041200032CA4FF07E5100200022F0EE6DCAB0EE90
:104130004CEAB0EE4CDA1DEE107A2CEEAC9AA96483
:10414000EA6428656F650EEE0E9A0CEE0C9A0DEE81
:104150000D9AB0EE490A0DF083F9B4EE400AF1EE83
:1041600010FA03D0B0EE490A0DF07AF9B4EECF0A96
:10417000F1EE10FA16DD95ED121A81EE001A85EDBA
:10418000121A95ED131A81EE001A85ED131A95EDAA
:10419000141A81EE001A85ED141A95ED151A81EEA8
:1041A000000A07E09FED100A4FF07E50A86400203F
:1041B000C5E9130085ED150A2046B0EE480A00F067
:1041C0007BFA01206872EFF31080EFF3108172B672
:1041D0000021A971697180F31088BDEC108BBDE8D6
:1041E000F04700F065BB00BF0000000033333340F0
:1041F0003BDF7F3F00000000704700000000000030
:1042000040F6000008210122C5F6020002F0C0BC01
:1042100040F6000008210022C5F6020002F0B8BCFA
:1042200080B5EFF3108C0028EFF3108E72B60BD030
:1042300040F2406E9FED1B0AC2F2004E9EED001A46
:1042400021EE000A80ED000A59B140F240609FED76
:10425000150AC2F2004090ED011A21EE000A81ED2C
:10426000000A5AB140F240609FED0E0AC2F20040CF
:1042700090ED021A21EE000A82ED000A0298002B4E
:104280001FBF40F24061C2F20041896A19600028F4
:104290001FBF40F24061C2F20041C96A01608CF365
:1042A000108880BDE12E6542002808BF7047EFF3FB
:1042B0001081EFF3108272B640F2D042C2F2004297
:1042C000136B0360536B4360926B826081F31088C1
:1042D000704700000000000010B5EFF3108C0028BC
:1042E000EFF3108E72B60CD040F2C05EC2F2004EF8
:1042F000DEF830400460DEF834404460DEF83840D8
:10430000846049B140F2C050C2F20040046A0C60BF
:10431000446A4C60806A886040F2C051002A1FBF26
:1043200040F2C050C2F20040C06A1060C2F20041C8
:10433000486C002808BF086C002B18BF18608CF36D
:10434000108810BD0000000040F2D040C2F20040D2
:10435000C07970470000000040F2D040C2F2004037
:10436000007A70470000000010B540F2D044C2F25D
:1043700000442078002808BF10BD00F005F9EFF3D5
:10438000108CEFF3108272B640F2C052C2F20042BB
:10439000536C2BB1536C40F6B831C31A8B4201D326
:1043A00001216170116C29B1116C401A40F6B831CD
:1043B000884201D30120A0708CF31088BDE8104022
:1043C00000F076BA0000000010B540F24814C2F2C6
:1043D00000442078002818BF10BD4EF6FC50CEF2E5
:1043E0000000016841F08071016041F2000000218D
:1043F000CEF200004160016841F00101016003F06C
:10440000DBFC4DF68361C4F21B31A0FB0112910C61
:1044100044F24022C0F20F0290424FF0010038BF38
:1044200001216160207010BD2DE9F04F81B004467C
:10443000002C46D040F2481541F204064EF6FC57D7
:104440004DF6836944F2402A4FF000084FF0010B0B
:10445000C2F20045CEF20006CEF20007C4F21B39CC
:10446000C0F20F0A287800BF013CC00702D069687B
:1044700018E000BF386840F080703860C6F80080EF
:1044800056F8040C40F0010046F8040C03F094FCCC
:10449000A0FB091250454FEA924138BF01216960E3
:1044A00085F800B03068B0FBF1F000BF3268B2FBB5
:1044B000F1F2121AB2F57A7FF8D320044FF001001E
:1044C000D2D101B0BDE8F08F70B540F24816044675
:1044D00041F20405C2F20046CEF200053078012810
:1044E00001D1716823E04EF6FC50CEF20000016865
:1044F00041F0807101600020286055F8040C40F004
:10450000010045F8040C03F057FC4DF68361C4F23A
:104510001B31A0FB0112910C44F24022C0F20F02A9
:1045200090424FF0010038BF01217160307028685F
:10453000B0FBF1F02A68B2FBF1F2121AA242F9D3F1
:1045400070BD00000000000010B5EFF31084EFF321
:10455000108072B640F2D040C2F20040816C81659A
:10456000C16CC165016D0166416D416640F24061FB
:10457000C2F20041C86A91ED0A0A00F09DF884F386
:10458000108810BD00000000B0B540F2481541F29F
:104590000004C2F20045CEF200042878012801D1BF
:1045A000696821E04EF6FC50CEF20000016841F04F
:1045B0008071016000206060206840F00100206090
:1045C00003F0FAFB4DF68361C4F21B31A0FB01122C
:1045D000910C44F24022C0F20F0290424FF00100D1
:1045E00038BF0121696028706068B0FBF1F0B0BD90
:1045F00010B5FFF701FEFFF7E7FE0BF015FB0446D1
:104600000BF03AFC204310BD0029EFF31082EFF3CA
:10461000108372B61FBF40F2C053C2F20043DB6A80
:104620000B6040F2C051C2F200414B6C002B08BF3E
:10463000096C82F310880028EFF31081EFF31082E9
:1046400072B640F24062C2F2004292ED000A92ED70
:10465000011A92ED022A81F3108808BF70479FED7E
:10466000073A21EE031A20EE030A22EE032A80ED18
:10467000001A80ED010A80ED022A7047E12E6542A2
:1046800080B582B08DF8070000200DF107010DF113
:10469000060201238DF806004FF47A70009040F274
:1046A0008860C2F2004004F0B7FB9DF8060002B03B
:1046B00080BD0000000000002DE9F04F81B02DED1D
:1046C0000E8B40F2D045B0EE408A8046C2F20045E3
:1046D00095ED160A95ED171A95ED182A95ED193AEC
:1046E00095ED124A95ED135A95ED146A95ED157AEC
:1046F00020EE05CA25EE01AA27EE01EA20EE07DA30
:1047000004EE41CA00EE04AA00EE06EA06EE41DA23
:1047100007EE42CA06EE02AA04EE42EA05EE02DA0B
:1047200006EE03CA07EE03AA05EE43EA04EE43DAF7
:104730002CEE0C9A0AEE0A9A0EEE0E9A0DEE0D9AD7
:10474000B0EE490A0CF08CFEB4EE400AF1EE10FA1D
:1047500003D0B0EE490A0CF083FE9FED491A40F6F3
:10476000DB76B7EE00BAC3F6C976B4EEC10AF1EE55
:1047700010FA0EDD8EEE009A8CEE00EA8AEE00AAA8
:104780008DEE00CA19EE109A1EEE10BA1AEE10AA9B
:104790000DE09FED3A9A4FF07E5A4FF000094FF02E
:1047A000000BB0EE4BAAB0EE49EAB0EE49CA29EED2
:1047B00009DA2CEE090AB0EE4D1A0AEE0E0A0EEED8
:1047C0000E1A31EE011A30EE000A7BEE410A0CF0AF
:1047D000AFFBB0EE401A2EEE090A2AEE092A0CEEC3
:1047E0000CDA1CEE104A0CEE0A0A0CEE4E2A11EE00
:1047F000107A3DEE0D3A30EE009A32EE020A3BEEB0
:1048000043AAB4EECB0AF1EE10FA0DDABFEE001AAD
:10481000B4EEC10AF1EE10FA04DD0CF0F3FA10EE7A
:10482000106A01E006F10046B0EE490AF0EE4A0ACD
:104830000CF07EFB40F24060C2F200400760466030
:1048400080ED020AC0F80CA0C0F810B0C0F81490B7
:104850008461296BC161696B0162A96B416280ED62
:104860000A8AC0F82C80E97980F83010297A80F81B
:104870003110BDEC0E8B01B0BDE8F08F00000000E0
:10488000BD3786350000000040F28860C2F200406B
:1048900003F0E2BD0000000013460A46014640F264
:1048A0008860C2F2004004F0C3BD000000000000B8
:1048B000B0B540F2D044C2F200442078002878D04D
:1048C000EFF31080EFF3108172B6617911B180F3CC
:1048D0001088B0BD22460121012512F8013F5BB9C5
:1048E000224612F8023F0BB1022505E0224612F8DB
:1048F000033F002B5ED003250023012D137061714F
:10490000A5714FF0553180F3108840F28060C2F2FB
:104910000040C0E9001140F27861C2F20041C1E9F3
:10492000003305D182210170FFF772FC072012E0ED
:1049300005F00301032908D0022921D145F2925143
:104940000180FEF729FE082005E045F2A251018012
:10495000FEF722FE042040F2786182B240F28060CD
:10496000C2F20040C2F20041FFF796FF002808BFE4
:10497000B0BD012D02D1FFF743FC01E0FEF704FEBC
:10498000EFF31080EFF3108172B6FE212171002148
:104990006171A171691ECAB2022A08D841F670720B
:1049A00049B2C0F6010252F8211001220A7080F3C8
:1049B0001088B0BD80F31088B0BD0000000000007A
:1049C000FEE70000000000002DE9F04F81B040F24A
:1049D000A0160D469146C2F200463178012922D137
:1049E00008B341F6380B471E4FF0000801204FF482
:1049F000FA7A0024C4F2000B02E000BF30780134E0
:104A0000C007284618BFCBF800A001F095FF30780A
:104A1000012808BFCBF80080A742C4BF484601F078
:104A20008BFFA742EAD101B0BDE8F08F0000000083
:104A3000F0B58DB040F2A015C2F2004528780028EC
:104A40004CD144F2E0400026C5F60200816841F0F6
:104A500040018160816801F0400101910199016884
:104A600041F00201016008A9006800F00200019015
:104A700001984FF40040089002200990CDE90A66A1
:104A80000C9040F20040C5F6020001F09DFF41F697
:104A900000072C46172040F2CF71C4F2000744F8FB
:104AA000047FC5E90206C5E90416EE61204605F05B
:104AB000FFFA6020CDE90666CDE9046601A904226B
:104AC000CDE9010620460396059605F09DF820469F
:104AD000042105F0CDFB0120BE6328700DB0F0BDB0
:104AE00040F25000C2F2004000F0EEBB00000000B7
:104AF00040F2E020C2F2004000F0E6BB00000000FF
:104B000040F2D000C2F2004000F0DEBB0000000026
:104B100040F26030C2F2004000F0D6BB000000005E
:104B2000704700000000000080B54FF4806001F085
:104B30003FFF4FF48050BDE8804001F039BF0000D6
:104B4000EFF3108072B600BFFEE700000000000027
:104B50002DE9F04381B0044602F022F80546002C0E
:104B600002BF012001B0BDE8F08394F835000228AF
:104B70001ED1276840F2B70940F2B848C4F20209D2
:104B8000C4F202084F4517DD40F25740C4F202005C
:104B9000874222DC40F22740C4F20200874237DC21
:104BA000B820C4F2020087424FD040F2104047E0E4
:104BB0008020606501202DE25720C4F20200874268
:104BC0001ADD8720C4F2020087422ADC5820C4F292
:104BD0000200874239D0702032E040F28740C4F2B0
:104BE0000200874224DC40F25840C4F202008742AF
:104BF0002BD040F2704023E01020C4F20200874224
:104C00001EBF2820C4F2020087421ED0402017E0B9
:104C100040F22840C4F20200874216D040F24040E1
:104C20000EE08820C4F2020087420ED0A02007E0E8
:104C300040F2A040C4F20200874206D040F2884011
:104C4000C4F20200874240F05381386820F01E0011
:104C50003946386051F8140F20F0800040F26F465A
:104C60000860C4F20206B74216DC9F20C4F20200BC
:104C700087422CDC5720C4F2020087424FDC102010
:104C8000C4F2020087421EBF2820C4F202008742FD
:104C900000F08180402067E045F22F40C5F6020019
:104CA000874227DC40F2B740C4F20200874242DC70
:104CB00040F27040C4F2020087421EBF40F28840BA
:104CC000C4F20200874266D040F2A0404CE040F2BD
:104CD0002740C4F20200874238DCA020C4F2020060
:104CE00087421EBFB820C4F20200874253D040F270
:104CF000104039E045F26B40C5F60200874238DCCF
:104D000045F23040C5F6020087421EBF45F24440DE
:104D1000C5F6020087423ED045F2584037E05820A1
:104D2000C4F2020087421EBF7020C4F20200874214
:104D300031D0882018E047451EBF45F20840C5F62F
:104D40000200874227D045F21C4020E040F2284074
:104D5000C4F2020087421EBF40F24040C4F202008B
:104D6000874218D040F25840C4F20200874212D065
:104D700016E045F26C40C5F6020087421EBF45F2C0
:104D80009440C5F60200874205D045F28040C5F642
:104D90000200874204D1206E016821F48071016015
:104DA000386820F001003860386810F0010F0BD02F
:104DB00001F0F6FE401B0628F6D320206065032094
:104DC00084F83500012025E12068484513DD40F2D4
:104DD0005741C4F2020188421EDC40F22741C4F26E
:104DE0000201884233DCB821C4F2020188424AD071
:104DF00040F2104143E05721C4F2020188421ADD1B
:104E00008721C4F2020188422ADC5821C4F202013F
:104E1000884238D0702132E040F28741C4F202016A
:104E2000884224DC40F25841C4F2020188422AD070
:104E300040F2704123E01021C4F2020188421EBFFB
:104E40002821C4F2020188421DD0402117E040F21F
:104E50002841C4F20201884215D040F240410EE0E0
:104E60008821C4F2020188420DD0A02107E040F25F
:104E7000A041C4F20201884205D040F28841C4F248
:104E80000201884257D1D4E9161202F01F023F23D3
:104E900003FA02F28A60B04259DC9F21C4F2020197
:104EA000884211DC5721C4F20201884228DC10211B
:104EB000C4F2020188421EBF2821C4F202018842C6
:104EC00000F0968040215CE040F22741C4F20201EC
:104ED000884221DCA021C4F2020188421EBFB82111
:104EE000C4F20201884200F0838040F2104148E0A1
:104EF000386847453FF4AAAE20F00E003946ADE6CB
:104F00005821C4F2020188421EBF7021C4F202017E
:104F100088426DD0882134E040F22841C4F2020179
:104F200088421EBF40F24041C4F2020188425FD075
:104F300040F2584125E0D4E91612404502F01F0224
:104F4000A5D0012303FA02F24A60B042A5DD45F282
:104F50002F41C5F60201884218DC40F2B741C4F285
:104F60000201884227DC40F27041C4F2020188420B
:104F70001EBF40F28841C4F20201884238D040F29C
:104F8000A041C4F20201884232D03FE045F26B41B9
:104F9000C5F60201884219DC45F23041C5F602012E
:104FA00088421EBF45F24441C5F6020188421FD027
:104FB00045F2584118E040451EBF45F20841C5F68C
:104FC0000201884214D045F21C410DE045F26C41CB
:104FD000C5F6020188421EBF45F29441C5F60201A2
:104FE000884205D045F28041C5F6020188420DD1C4
:104FF000D4E919014160E06E00281FBF016821F467
:1050000080710160D4E91C0118BF4160012084F85F
:1050100035000020002184F8341001B0BDE8F08391
:10502000E8B190F83510022917D1016840F20F421B
:10503000C4F20202914215DC6F23C4F202039942CA
:1050400025DC3F23C4F2020399423BDC1023C4F267
:105050000203994259D0282353E080214165012160
:105060000846704740F26F43C4F2020399421ADCCB
:1050700040F23F43C4F2020399422ADC40F210435B
:10508000C4F20203994240D040F2284339E09F2302
:10509000C4F20203994225DC7023C4F20203994250
:1050A00033D088232DE040F29F43C4F2020399429B
:1050B0001FDC40F27043C4F20203994225D040F253
:1050C00088431EE04023C4F2020399421DD05823B6
:1050D00017E040F24043C4F20203994215D040F277
:1050E00058430EE0A023C4F2020399420DD0B82326
:1050F00007E040F2B843C4F20203994205D040F2FF
:10510000A043C4F2020399426ED10423914280F875
:10511000353010DC6F20C4F20200814220DC3F20D9
:10512000C4F20200814236DC1020C4F20200814247
:1051300053D028204EE040F26F40C4F2020081427A
:105140001ADC40F23F40C4F2020081422ADC40F205
:105150001040C4F2020081423FD040F2284039E0C2
:105160009F20C4F20200814225DC7020C4F20200BC
:10517000814232D088202DE040F29F40C4F20200EC
:1051800081421FDC40F27040C4F20200814224D010
:1051900040F288401EE04020C4F2020081421CD050
:1051A000582017E040F24040C4F20200814214D07F
:1051B00040F258400EE0A020C4F2020081420CD020
:1051C000B82007E040F2B840C4F20200814204D0A7
:1051D00040F2A040C4F202008142086820F00100C1
:1051E00008600021084670470A6822F00E020A6033
:1051F0000A6822F001020A6045F25742C5F602022F
:1052000091420EDC45F22F42C5F60202914217DCB4
:1052100045F20842C5F60202914226D045F21C42F0
:105220001FE045F27F42C5F60202914211DC45F2D1
:105230005842C5F60202914217D045F26C4210E086
:1052400045F23042C5F6020291420ED045F2444288
:1052500007E045F29442C5F60202914205D045F2BC
:105260008042C5F6020291421AD1016E01230A68FA
:1052700022F480720A60D0E9161202F01F0203FACB
:1052800002F24A60D0E919124A60C16E00291FBFBC
:105290000A6822F480720A60D0E91C1218BF4A60C2
:1052A000012180F83510002180F83410026D22B100
:1052B00080B590470021BDE8804008467047000057
:1052C000406D7047000000002DE9F04381B00446B6
:1052D000002048F2B51140F26F49009040F21000F2
:1052E000C1F64E31C4F20209C2F20040A56D006859
:1052F0002E68A0FB0108296827684F4515DC9F2010
:10530000C4F2020087422BDC5720C4F2020087421D
:105310004EDC1020C4F2020087421EBF2820C4F2D7
:105320000200874272D040206BE045F22F40C5F664
:105330000200874227DC40F2B740C4F202008742F5
:1053400042DC40F27040C4F2020087421EBF40F2CD
:105350008840C4F20200874258D040F2A04050E09A
:1053600040F22740C4F2020087423CDCA020C4F295
:10537000020087421EBFB820C4F20200874245D017
:1053800040F210403DE045F26B40C5F60200874216
:1053900071DC45F23040C5F6020087421EBF45F27F
:1053A0004440C5F60200874278D045F2584070E08C
:1053B0005820C4F2020087421EBF7020C4F20200CF
:1053C000874223D088201CE040F2B840C4F202009B
:1053D00087421BD045F20840C5F6020087425DD0E7
:1053E00045F21C4055E040F22840C4F202008742DA
:1053F0001EBF40F24040C4F20200874206D040F295
:105400005840C4F20200874240F04783E06D00F04C
:105410001F01082000FA01F2324200F0EA8040F257
:105420000F40C4F20200874212DC6F20C4F2020077
:10543000874269DC3F20C4F20200874200F3A88063
:105440001020C4F20200874200F0C6802820BEE08F
:105450004F4565DC40F23F40C4F20200874200F352
:105460009E8040F21040C4F20200874200F0B480F7
:1054700040F22840ABE045F26C40C5F6020087429E
:105480001EBF45F28040C5F60200874206D045F2B5
:105490009440C5F60200874240F0FF823A68E06D12
:1054A00000F01F0312F0040F1EBF0420984010EA02
:1054B00001061BD1900742D50220984010EA010650
:1054C0003DD06860100400F1E282900609D438688B
:1054D00020F00A003860012084F83500002084F8AC
:1054E0003400E16B002940F0CD82D6E26860100400
:1054F00046D490065EBF386820F004003860216C06
:10550000002940F0BF82C8E29F20C4F20200874217
:105510004EDC7020C4F2020087425DD0882056E045
:1055200040F29F40C4F20200874248DC40F27040E3
:10553000C4F2020087424FD040F2884047E0100793
:1055400040F1AB8208209840084000F0A6823868FD
:10555000012120F00E003860E06D00F01F0001FA1C
:1055600000F068600020616584F8351084F834002C
:10557000E16C00291CBF2046884701B0BDE8F083DC
:10558000D0034CBF216CA16C002940F07B8284E2E7
:105590004020C4F2020087421ED0582017E040F29B
:1055A0004040C4F20200874216D040F258400EE05C
:1055B000A020C4F2020087420ED0B82007E040F2DB
:1055C000B840C4F20200874206D040F2A040C4F2C4
:1055D0000200874240F0648204203B68034208D006
:1055E000386820F004003860AA60606D40F0010067
:1055F0006065012000FA01F2324271D040F20F40A2
:10560000C4F20200874210DC6F20C4F2020087421D
:105610001CDC3F20C4F20200874232DC1020C4F2BE
:105620000200874251D028204AE04F451ADC40F260
:105630003F40C4F2020087422ADC40F21040C4F22C
:105640000200874241D040F2284039E09F20C4F256
:105650000200874225DC7020C4F20200874234D069
:1056600088202DE040F29F40C4F2020087421FDCF8
:1056700040F27040C4F20200874226D040F28840D7
:105680001EE04020C4F2020087421ED0582017E0DE
:1056900040F24040C4F20200874216D040F2584027
:1056A0000EE0A020C4F2020087420ED0B82007E02E
:1056B00040F2B840C4F20200874206D040F2A04057
:1056C000C4F20200874240F0ED8107F1140080230C
:1056D000006818421FBFAA60606D40F0020060655C
:1056E000042000FA01F232426FD040F20F40C4F2BF
:1056F0000200874210DC6F20C4F2020087421CDCEB
:105700003F20C4F20200874232DC1020C4F20200C3
:10571000874251D028204AE04F451ADC40F23F40F2
:10572000C4F2020087422ADC40F21040C4F20200B8
:10573000874241D040F2284039E09F20C4F2020065
:10574000874225DC7020C4F20200874234D08820D2
:105750002DE040F29F40C4F2020087421FDC40F27D
:105760007040C4F20200874226D040F288401EE01A
:105770004020C4F2020087421ED0582017E040F2B9
:105780004040C4F20200874216D040F258400EE07A
:10579000A020C4F2020087420ED0B82007E040F2F9
:1057A000B840C4F20200874206D040F2A040C4F2E2
:1057B0000200874240F0798102203B6803421FBF0C
:1057C000AA60606D40F004006065102000FA01F1ED
:1057D000314200F0818040F20F40C4F20200874263
:1057E00010DC6F20C4F2020087421CDC3F20C4F2B0
:1057F0000200874232DC1020C4F20200874251D0FE
:1058000028204AE04F451ADC40F23F40C4F2020033
:1058100087422ADC40F21040C4F20200874241D0A5
:1058200040F2284039E09F20C4F20200874225DC84
:105830007020C4F20200874234D088202DE040F26C
:105840009F40C4F2020087421FDC40F27040C4F265
:105850000200874226D040F288401EE04020C4F279
:10586000020087421ED0582017E040F24040C4F2A8
:105870000200874216D040F258400EE0A020C4F249
:10588000020087420ED0B82007E040F2B840C4F2D0
:105890000200874206D040F2A040C4F202008742D4
:1058A00040F0058108203A68024215D0A9603968A5
:1058B000386811F4802F06D1C0055EBF386820F02B
:1058C0000800386001E0000301D4216C00E0A16C05
:1058D00000291CBF20468847E06D00F01F012020F2
:1058E00000FA01F2324200F0A780206840F20F4730
:1058F0001023C4F20207B84210DC6F27C4F202077B
:10590000B8421CDC3F27C4F20207B84232DC102741
:10591000C4F20207B84251D028274AE048451ADCB1
:1059200040F23F47C4F20207B8422ADC40F2104777
:10593000C4F20207B84241D040F2284739E09F271D
:10594000C4F20207B84225DC7027C4F20207B8424D
:1059500034D088272DE040F29F47C4F20207B842B6
:105960001FDC40F27047C4F20207B84226D040F272
:1059700088471EE04027C4F20207B8421ED05827CD
:1059800017E040F24047C4F20207B84216D040F296
:1059900058470EE0A027C4F20207B8420ED0B8273D
:1059A00007E040F2A047C4F20207B84206D040F236
:1059B000B847C4F20207B84218BF022307681F4263
:1059C0003AD0AA6094F835300268042B1BD122F03B
:1059D00016020260426922F080024261226C0AB91A
:1059E000A26C1AB1026822F0080202603F208840CF
:1059F000A860012084F83500002084F83400216D6F
:105A000000293FD149E0016852030CD4C9050ED4E6
:105A1000016821F010010160012084F835000020A8
:105A200084F8340003E0080301D4616C00E0E16B0A
:105A300000291CBF20468847606D70B3606D10F070
:105A4000010F1DD004204FEA982184F8350020680A
:105A5000026822F001020260009A01328A4200923A
:105A600003D8026812F0010FF6D10068012100F09E
:105A7000010041EA400084F83500002084F8340039
:105A8000E16C51B12046884701B0BDE8F083D003F6
:105A900054BF616CE16B0029F4D101B0BDE8F08323
:105AA00008209AE50023384612E6002085E6042007
:105AB000F9E60000000000002DE9F04F81B08346B8
:105AC00001F06EF80546BBF1000F00F0F683DBF83D
:105AD000000040F26F48C4F20208404515DC9F21E7
:105AE000C4F2020188422BDC5721C4F20201884231
:105AF00050DC1021C4F2020188421EBF2821C4F2EA
:105B00000201884274D040216DE045F22F41C5F674
:105B10000201884227DC40F2B741C4F20201884208
:105B200044DC40F27041C4F2020188421EBF40F2E0
:105B30008841C4F2020188425AD040F2A04152E0AA
:105B400040F22741C4F2020188423EDCA021C4F2A7
:105B5000020188421EBFB821C4F20201884247D028
:105B600040F210413FE045F26B41C5F60201884228
:105B700000F38F8045F23041C5F6020188421EBF16
:105B800045F24441C5F60201884200F0958045F295
:105B900058418CE05821C4F2020188421EBF702196
:105BA000C4F20201884223D088211CE040F2B841AF
:105BB000C4F2020188421BD045F20841C5F6020139
:105BC000884279D045F21C4171E040F22841C4F28C
:105BD000020188421EBF40F24041C4F202018842E5
:105BE00006D040F25841C4F20201884240F05F837F
:105BF00040F20F490221C4F202098BF8351000214E
:105C000048458BF8341012DC6F21C4F2020188423F
:105C100020DC3F21C4F20201884200F3EB80102116
:105C2000C4F20201884200F00781282101E14045C9
:105C30001EDC40F23F41C4F20201884200F3E180E1
:105C400040F21041C4F20201884200F0F58040F2B7
:105C50002841EEE09F21C4F20201884200F3DA807D
:105C60007021C4F20201884200F0E6808821E0E061
:105C700040F29F41C4F20201884200F3D28040F218
:105C80007041C4F20201884200F0D68040F288419F
:105C9000CFE045F26C41C5F6020188421EBF45F2D5
:105CA0008041C5F60201884206D045F29441C5F60E
:105CB0000201884240F0FB8202218BF8351000215E
:105CC0008BF834100268DBE902A3DBE90476DBE938
:105CD0000654DBF820C0BAF1800F6FF3101208BF32
:105CE0004FF48041BAF1400F42EAD30220F0FF03A3
:105CF00008BF102111434CF6CD4241EAD701CCF642
:105D0000CC4241EAD60141EAD50141EAD40141EA57
:105D10001C1101604AF6F831CAF2FD710144A1FB81
:105D200002124FF6FC71C3F6FF7101EA9201CBE952
:105D300016311C2101EA9201012202FA01F1596097
:105D4000404540F3888145F22F41C5F60201884263
:105D500015DC40F2B741C4F20201884225DC40F272
:105D60007041C4F2020188421EBF40F28841C4F271
:105D70000201884200F0B78140F2A041AEE145F255
:105D80006B41C5F6020188421FDC45F23041C5F681
:105D9000020188421EBF45F24441C5F60201884215
:105DA00000F0A18145F258411EE040F2B841C4F232
:105DB000020188421EBF45F20841C5F60201884231
:105DC00000F0918145F21C410EE045F26C41C5F6B0
:105DD000020188421EBF45F29441C5F60201884285
:105DE00000F0818145F28041C5F60201884200F051
:105DF0007A8153E24021C4F2020188421CD058212A
:105E000017E040F24041C4F20201884214D040F24F
:105E100058410EE0A021C4F2020188420CD0B82102
:105E200007E040F2B841C4F20201884204D040F2D7
:105E3000A041C4F202018842016821F00101016021
:105E400002E000BFDBF80000016811F0010F06D08E
:105E500000F0A6FE401B0528F4D9202028E20168A6
:105E600048F23F02DBE902A6CFF610620A40DBE906
:105E70000471DBE906C3DBE9084542EA0A02324362
:105E80003A43042D41EA020141EA0C0141EA0301CF
:105E900041EA040202BFDBE90B13114341EA0302AA
:105EA000DBF8043042F48011A3F13F07042FA3F183
:105EB000290738BF0A46062FA3F1470738BF0A460D
:105EC000022FA3F14F0723F0030338BF0A46042F24
:105ED00038BF0A46742B08BF0A46042D0260416988
:105EE00021F0070141EA05022BD1DBE90A653243C3
:105EF0003DB3BCF5005F08D0BCF1000F12D1022EFB
:105F000013D0012E07D086B11BE0032E19D8DFE88D
:105F100006F00F0C0F02A5F1C071B1FA81F14B0927
:105F200033B90EE0032E03D30BD1C5F3006343B1A5
:105F30004020CBF8540001208BF8350001B0BDE8BB
:105F4000F08F4845426110DC6F21C4F202018842A3
:105F50001CDC3F21C4F20201884232DC1021C4F271
:105F60000201884251D028214AE040451ADC40F223
:105F70003F41C4F2020188422ADC40F21041C4F2DF
:105F80000201884241D040F2284139E09F21C4F209
:105F90000201884225DC7021C4F20201884234D01B
:105FA00088212DE040F29F41C4F2020188421FDCAB
:105FB00040F27041C4F20201884226D040F288418A
:105FC0001EE04021C4F2020188421ED0582117E091
:105FD00040F24041C4F20201884216D040F25841DA
:105FE0000EE0A021C4F2020188420ED0B82107E0E1
:105FF00040F2B841C4F20201884206D040F2A0410A
:10600000C4F20201884240F05C816FF00F014AF651
:10601000AB2251FA80F1CAF6AA22A1FB02235F2922
:10602000C3F3021241F6A473C0F601039B5C40F275
:10603000FF3220EA0202CBF85C3088BF42F0040253
:1060400003F01F013F23CBF8582003FA01F19160C0
:1060500040453FF778AE9F21C4F20201884210DC30
:106060005721C4F2020188421EDC1021C4F2020151
:1060700088421EBF2821C4F20201884233D0402149
:106080002CE040F22741C4F20201884218DCA02132
:10609000C4F2020188421EBFB821C4F20201884244
:1060A00021D040F2104119E05821C4F20201884287
:1060B0001EBF7021C4F20201884214D088210DE075
:1060C00040F22841C4F2020188421EBF40F2404122
:1060D000C4F20201884206D040F25841C4F20201E3
:1060E000884240F0DB8045F2434E40F6000C45F21A
:1060F0009443C5F6020EC4F2020CC5F602037045C5
:106100000EDD45F26B41C5F60201884217DC45F20F
:106110004441C5F6020188421DD045F2584116E0BF
:1061200045F20841C5F6020188421EBF45F21C41F6
:10613000C5F6020188420ED045F2304107E045F233
:106140008041C5F60201884205D045F26C41C5F692
:10615000020188424AD1C2B2A2F108014CF6CD42F6
:1061600003F57B76CCF6CC42A1FB0212150903F5B0
:106170005B7205F01F01012402EB8502BAF1800F6A
:1061800004FA01F5CBE91826CBF8685006BF0021C8
:10619000CBF80410DBF80410CFB2013907291760DF
:1061A000756018D8791E08291BD245F600160125FE
:1061B0007045C5F602063ADD45F26B42C5F60202AD
:1061C000904243DC45F24442C5F6020290424DD073
:1061D00045F2584242E00020CBE91B00CBF87400A6
:1061E0005CE0DBE91B02DBF8741054E0C2B29842B9
:1061F000B2D0A2F110014AF6AB2240F20F46CAF625
:10620000AA22C4F20206A1FB0212B0424FEA121403
:106210004FF00801254688BF01EB121506F1AA01CF
:106220000CF180066246884228BF2546A1E745F268
:106230000842C5F6020290421EBF45F21C42C5F656
:106240000202904212D045F2304207E045F26C4221
:10625000C5F60202904209D045F28042C5F602021C
:10626000904203D0C01AB0FA80F04509002D3046A4
:106270000CF5A0724FF0010308BF0CF58070002DE3
:1062800000EB810018BF06F1400203FA01F1CBE9EF
:106290001B02CBF874100023036051600020012121
:1062A000CBF854008BF8351001B0BDE8F08F4020DA
:1062B000CBF8540003208BF83500012001B0BDE875
:1062C000F08FDBF85C3020F0FF02B9E60000000040
:1062D00070B5F0B390F83440012C02BF0220C0B278
:1062E00070BD012480F8344090F83540012C2AD14B
:1062F000022440F26F4E80F835400024C4F2020EB2
:106300004465D0F800C0DCF80040F44524F00104F6
:10631000CCF80040846D1FDC9F25C4F20205AC451B
:1063200035DC5725C4F20205AC4558DC1025C4F213
:106330000205AC451EBF2825C4F20205AC4500F09D
:106340008F80402574E04FF400614165002180F8A2
:1063500034100120C0B270BD45F22F45C5F60205CC
:10636000AC4527DC40F2B745C4F20205AC4542DC3F
:1063700040F27045C4F20205AC451EBF40F28845AC
:10638000C4F20205AC456BD040F2A04550E040F2AB
:106390002745C4F20205AC453CDCA025C4F2020549
:1063A000AC451EBFB825C4F20205AC4558D040F23A
:1063B00010453DE045F26B45C5F60205AC453CDCB9
:1063C00045F23045C5F60205AC451EBF45F24445D1
:1063D000C5F60205AC4543D045F258453BE058258B
:1063E000C4F20205AC451EBF7025C4F20205AC45DF
:1063F00036D088251CE040F2B845C4F20205AC4511
:106400001EBF45F20845C5F60205AC4528D045F249
:106410001C4520E040F22845C4F20205AC451EBFF1
:1064200040F24045C4F20205AC4519D040F258454F
:10643000C4F20205AC4513D064E245F26C45C5F6E2
:106440000205AC451EBF45F29445C5F60205AC45B4
:1064500006D045F28045C5F60205AC4540F05282B3
:10646000D0E919566E60C56E002D1CBFD0E91C56D0
:106470006E60F44515DC9F25C4F20205AC452BDCAB
:106480005725C4F20205AC454EDC1025C4F20205C6
:10649000AC451EBF2825C4F20205AC4572D040258C
:1064A0006BE045F22F45C5F60205AC4527DC40F20E
:1064B000B745C4F20205AC4542DC40F27045C4F277
:1064C0000205AC451EBF40F28845C4F20205AC454A
:1064D00058D040F2A04550E040F22745C4F20205F2
:1064E000AC453CDCA025C4F20205AC451EBFB82576
:1064F000C4F20205AC4545D040F210453DE045F2FE
:106500006B45C5F60205AC454ADC45F23045C5F69B
:106510000205AC451EBF45F24445C5F60205AC4533
:1065200051D045F2584549E05825C4F20205AC4522
:106530001EBF7025C4F20205AC4523D088251CE09F
:1065400040F2B845C4F20205AC451BD045F20845FF
:10655000C5F60205AC4536D045F21C452EE040F2AA
:106560002845C4F20205AC451EBF40F24045C4F2C6
:106570000205AC4506D040F25845C4F20205AC45D0
:1065800040F0C081C56D3F2605F01F0506FA05F5F0
:10659000A560DCF8004024F48024CCF8004019E029
:1065A00045F26C45C5F60205AC451EBF45F2804577
:1065B000C5F60205AC4506D045F29445C5F6020580
:1065C000AC4540F09F81C56D012605F01F0506FA18
:1065D00005F56560CCF804308368402B0B4608BF96
:1065E0001346CCF8083008BF0A46B721C4F20201AE
:1065F000CCF80C208C4513DD40F25741C4F2020167
:106600008C451EDC40F22741C4F202018C4533DC8C
:10661000B821C4F202018C454BD040F2104143E056
:106620005721C4F202018C451ADD8721C4F2020110
:106630008C452ADC5821C4F202018C4539D07021E6
:1066400032E040F28741C4F202018C4524DC40F282
:106650005841C4F202018C452BD040F2704123E036
:106660001021C4F202018C451EBF2821C4F2020190
:106670008C451ED0402117E040F22841C4F20201AF
:106680008C4516D040F240410EE08821C4F2020150
:106690008C450ED0A02107E040F2A041C4F20201D7
:1066A0008C4506D040F28841C4F202018C4540F08E
:1066B0002981DCF800100B2262F34401CCF80010B1
:1066C000016C29B1DCF8001041F00801CCF8001091
:1066D000F44516DC9F21C4F202018C452CDC5721C5
:1066E000C4F202018C454FDC1021C4F202018C453A
:1066F0001EBF2821C4F202018C4500F08580402194
:106700006BE045F22F41C5F602018C4527DC40F2D3
:10671000B741C4F202018C4542DC40F27041C4F240
:1067200002018C451EBF40F28841C4F202018C4533
:106730006AD040F2A04150E040F22741C4F2020189
:106740008C453CDCA021C4F202018C451EBFB8215F
:10675000C4F202018C4557D040F210413DE045F2B1
:106760006B41C5F602018C453CDC45F23041C5F673
:1067700002018C451EBF45F24441C5F602018C451D
:1067800042D045F258413BE05821C4F202018C4509
:106790001EBF7021C4F202018C4535D088211CE057
:1067A00040F2B841C4F202018C451EBF45F20841D7
:1067B000C5F602018C4527D045F21C4120E040F28D
:1067C0002841C4F202018C451EBF40F24041C4F290
:1067D00002018C4518D040F25841C4F202018C45A8
:1067E00012D086E045F26C41C5F602018C451EBF11
:1067F00045F29441C5F602018C4505D045F2804131
:10680000C5F602018C4574D1016E0A6812F4803F0E
:106810001EBF0A6842F480720A60C06E00281EBF64
:10682000016841F48071016040F20F40C4F202003F
:10683000844510DC6F20C4F2020084451CDC3F203C
:10684000C4F20200844532DC1020C4F20200844508
:106850004FD028204AE0F4451ADC40F23F40C4F211
:10686000020084452ADC40F21040C4F20200844554
:106870003FD040F2284039E09F20C4F20200844516
:1068800025DC7020C4F20200844532D088202DE03F
:1068900040F29F40C4F2020084451FDC40F2704089
:1068A000C4F20200844524D040F288401EE040201B
:1068B000C4F2020084451CD0582017E040F240404A
:1068C000C4F20200844514D040F258400EE0A020EB
:1068D000C4F2020084450CD0B82007E040F2B84072
:1068E000C4F20200844504D040F2A040C4F2020089
:1068F0008445DCF8000040F00100CCF800000020E6
:10690000C0B270BDDCF8001040F2B842C4F202021E
:1069100094453FF4D0AE052262F34301CCF8001059
:10692000016C00293FF4D4AEDCF8001041F0040102
:10693000CCE600000000000070B505466E1C00F0BB
:106940002FF9044636B140F20400C2F2004000784C
:10695000054401E04FF0FF3500F022F9001BA8428A
:10696000FAD370BD0000000040F2D042C2F20042F3
:106970001178002908BF7047EFF31081B0F5806FE0
:10698000EFF3108372B605D0B0F5805F0DD1501CC7
:106990000C3201E0901C10321368013313600122A5
:1069A000027081F31088FDF783BF81F31088704770
:1069B0008821C5F600010A6802421CBF0860FFF783
:1069C000D3BF7047000000002DE9F04F82B00E6881
:1069D000002E00F0CF8042F200420A274FF0000A5A
:1069E0000125C5F60202904200F1264202F1FF7233
:1069F00008BF09274FEAB223082B38BF4FEAB22756
:106A000000970027A5F10109012202FA09FC16EA04
:106A10000C0800F0A5804E6806F0030BABF1010EE8
:106A2000BEF1010F14D88468032202FA07F324EAA6
:106A30000303CC68BC4023438360C6F3001344685F
:106A400003FA09F324EA0C042343436005E000BF82
:106A5000BBF1030F4FF0030223D0C46802FA07F31F
:106A6000BBF1020F24EA03038C6804FA07F443EA3B
:106A70000403C36015D10AF01C030F2606FA03FCB9
:106A80004FF6FC76C7F6FF7606EA59040444266AF8
:106A900026EA0C0C0E6906FA03F343EA0C032362A0
:106AA0004E6802FA07F4026806F0030316F4403F4A
:106AB00003FA07F322EA040242EA030202604FD01B
:106AC00044F2F4420AF00C060F24C5F60202B44068
:106AD00013461A6842F002021A601A6840F208432C
:106AE000C5F600039C4602F002020192019A29F0C9
:106AF000030252F80C30A343009C04FA06F6334319
:106B00004FF0B04642F80C3032684B6822EA080277
:106B100013F4801F18BF42EA080213F4001F32600A
:106B200040F20402C5F600021646326822EA080264
:106B300018BF42EA080213F4003F3260D6F8802002
:106B400022EA080218BF42EA080213F4803FC6F89E
:106B50008020F26F22EA080218BF42EA0802F267B8
:106B60000E680AF1040A023736FA05F205F101054A
:106B70007FF448AF02B0BDE8F08F000000000000D5
:106B80000069084018BF01207047000000000000A5
:106B9000002A08BF0904816170470000000000005E
:106BA00040F20400C2F2004080687047000000001C
:106BB00040F20400C2F20040017882681144816012
:106BC000704700000000000080B5032000F0ACF822
:106BD00001F0F2F844F2184141F67C73C5F6020167
:106BE000C0F601030A68C2F3032209689A5C01F047
:106BF0000F01595C02F01F02D04040F21402C2F2B1
:106C0000004201F01F0120FA01F1116040F2100171
:106C1000C2F2004108600F2000F00AF800281CBFF3
:106C2000012080BD00F02CF8002080BD0000000095
:106C300070B540F204060446C2F2004630780028DF
:106C400002BF0125284670BD4FF47A71B1FBF0F008
:106C500040F21001C2F200410968B1FBF0F002F00D
:106C60000BFD01250F2C08D838B94FF0FF30214615
:106C70000022002500F024F87460284670BD000052
:106C800081B044F2F440C5F60200016841F002010F
:106C90000160006800F002000090009801B07047A9
:106CA0000028B8BF704700F01F010122400902FA16
:106CB00001F14EF20012CEF2000242F820107047AD
:106CC00010B500F00F034EF60C5E00F1604CB0F111
:106CD000FF3FA3F10403CEF2000E734403F10C0452
:106CE000C8BF0CF56444DEF80000C0F3022000F1D8
:106CF000040CC31E80F00700BCF1070F4FF0010C1D
:106D000038BF0023042828BF04200CFA00F0013803
:106D100008400CFA03F10F3198401140084300017C
:106D2000207010BD000000004EF60C514FF6FF031E
:106D3000CEF200010A681A4060F30A2242F0806035
:106D400040F0FD7008607047B0B544F60C05C5F61C
:106D500002052A68296812F0040F05D101F0070125
:106D6000081A18BF0120B0BD21F0070108432860B0
:106D7000FFF716FF044600BF55F8080C10F4005F3B
:106D80001CBF0020B0BDFFF70BFF001BB0F57A7FE2
:106D900084BF0120B0BDEFE780B500F085FF44F26D
:106DA000204141F67C72C5F60201C0F60102096875
:106DB000C1F30211515C01F01F01C84080BD000009
:106DC00080B544F2384CC5F6020C5CF810EC5CF867
:106DD000102C5CF80C1CDCF80430C1F30011C2F379
:106DE00005324942002A01EAD3016FF35F3100EE18
:106DF000101AB8EE400A22D00EF00303022B28D05E
:106E0000012B21D003BB02EE102A9FED461AB8EEEB
:106E1000422A5CF8381C20EE010A11F0200F64D1E0
:106E2000DCF800109FED411A6FF35F2181EE022A1A
:106E300003EE101AB8EE433A30EE031A1DE00021BB
:106E4000C0E90011816080BDDCF800109FED362A9A
:106E500003E0DCF800109FED322A01EE102A6FF3F8
:106E60005F219FED303AB8EE414A01EE101AB8EEBC
:106E7000411A82EE042A00EE031ADCF80010B7EE85
:106E8000000A31EE001A22EE011AC1F3462103EE88
:106E9000101AB8EE433A33EE002A81EE022ABCEE15
:106EA000C22A80ED002ADCF80010C1F3064102EE90
:106EB000101AB8EE422A32EE002A81EE022ABCEE07
:106EC000C22A80ED012ADCF80010C1F3066102EE4F
:106ED000101AB8EE422A32EE000A81EE000ABCEE29
:106EE000C00A10EE101A816080BD5CF8381C49F2AF
:106EF0000002C0F2D032C1F3C10122FA01F1DCF884
:106F0000002003EE101A6FF35F2201EE102AB8EE94
:106F1000411AB8EE433A30EE011A83EE022AACE78A
:106F2000001BB74B000000390024744A0024744C45
:106F300080B544F2404CC5F6020C5CF818EC5CF8E5
:106F4000182C5CF8141CDCF80430C1F30021C2F3E7
:106F500005524942002A01EAD3016FF35F3100EE86
:106F6000101AB8EE400A22D00EF00303022B28D0EC
:106F7000012B21D003BB02EE102A9FED461AB8EE7A
:106F8000422A5CF8401C20EE010A11F0200F64D167
:106F9000DCF800109FED411A6FF35F2181EE022AA9
:106FA00003EE101AB8EE433A30EE031A1DE000214A
:106FB000C0E90011816080BDDCF800109FED362A29
:106FC00003E0DCF800109FED322A01EE102A6FF387
:106FD0005F219FED303AB8EE414A01EE101AB8EE4B
:106FE000411A82EE042A00EE031ADCF80010B7EE14
:106FF000000A31EE001A22EE011AC1F3462103EE17
:10700000101AB8EE433A33EE002A81EE022ABCEEA3
:10701000C22A80ED002ADCF80010C1F3064102EE1E
:10702000101AB8EE422A32EE002A81EE022ABCEE95
:10703000C22A80ED012ADCF80010C1F3066102EEDD
:10704000101AB8EE422A32EE000A81EE000ABCEEB7
:10705000C00A10EE101A816080BD5CF8401C49F235
:107060000002C0F2D032C1F3C10122FA01F1DCF812
:10707000002003EE101A6FF35F2201EE102AB8EE23
:10708000411AB8EE433A30EE011A83EE022AACE719
:10709000001BB74B000000390024744A0024744CD4
:1070A0002DE9F047044644F22C48E078C5F6020882
:1070B000000726D5606E4FEA305103290AD8DFE871
:1070C00001F0020B1119D8F8001041F40031C8F892
:1070D00000100FE0012615E004F10800022105F080
:1070E0005FFB04E004F12800022105F0EDFB0646F9
:1070F00046B9606ED8F8241021F440110843C8F84E
:10710000240000266078C00701D135462BE0A06D31
:1071100004280DD83546DFE800F0030E141A1A00D3
:10712000D8F80000354640F40030C8F800000EE002
:107130000125012718E004F10800002105F030FBCB
:1071400004E004F12800002105F0BEFB0546002DF7
:107150002F4609D1D8F82400A16D002520F00700A2
:107160000843C8F824003746607840072DD5D4F886
:10717000A4004FEA705005280BD8DFE800F0030D9B
:1071800013191919D8F8000040F40030C8F80000AD
:107190000EE00125012619E004F10800002105F0A8
:1071A000FFFA04E004F12800002105F08DFB0546FC
:1071B000002D2E460AD1D8F82C00D4F8A4100025B2
:1071C00020F460000843C8F82C003E4660780007B1
:1071D0002DD5D4F8A8004FEA306005280BD8DFE899
:1071E00000F0030D13191919D8F8000040F400300D
:1071F000C8F800000EE00125012719E004F108009D
:10720000002105F0CDFA04E004F12800002105F08A
:107210005BFB0546002D2F460AD1D8F82C00D4F888
:10722000A810002520F0E0600843C8F82C0037467D
:10723000E078800724D5E06C4FEA301003280AD8A4
:10724000DFE800F012020C12D8F8000040F4003021
:10725000C8F8000008E00125012612E004F108004A
:10726000022105F09DFA0546002D2E4609D1D8F8D9
:107270002000E16C002520F030000843C8F8200011
:107280003E466078C0062BD5E06D4FEA30300428CA
:107290000BD8DFE800F0030D13191900D8F800002F
:1072A00040F40030C8F800000EE00125012718E086
:1072B00004F10800002105F073FA04E004F128004D
:1072C000002105F001FB0546002D2F4609D1D8F815
:1072D0002400E16D002520F4E0400843C8F82400B4
:1072E00037466078800624D5206E4FEA3040052866
:1072F0000AD8DFE800F012030C12121204F10800A1
:10730000012105F04DFA07E00125012612E004F104
:107310002800012105F0D8FA0546002D2E4609D196
:10732000D8F82400216E002520F4E0200843C8F896
:1073300024003E466078400626D5D4F8AC004FEADB
:10734000307005280AD8DFE800F012030C12121280
:1073500004F10800012105F023FA07E001250127C7
:1073600013E004F12800012105F0AEFA0546002DD6
:107370002F460AD1D8F82C00D4F8AC10002520F004
:10738000E0400843C8F82C0037466078000620D556
:10739000E06E90B1B0F1005F09D0B0F1805F2AD10A
:1073A000D8F8000040F40030C8F8000005E004F10F
:1073B0000800012105F0F4F90546002D2E4609D1FB
:1073C000D8F82400E16E002520F040500843C8F8AA
:1073D00024003E46E078C00726D0A06C03280DD8D4
:1073E000DFE800F016021016D8F8000040F4003074
:1073F000C8F800000CE001250126EBE701254FF05D
:10740000010912E004F10800022105F0C9F905465E
:10741000002DA94609D1D8F82000A16C002520F044
:1074200003000843C8F82000B146A078400601D404
:107430004F4619E0D8F8D40340F48070C8F8D4035C
:10744000FFF7AEFB064600BFD8F8D40310F4807FE8
:1074500007D1FFF7A5FB801B6428F5D90325032777
:1074600002E0002D2F4612D02078C00755D0A06F23
:107470004FEAF00005283BD8DFE800F043033D4326
:10748000434304F10800012105F08AF938E0D8F8F7
:107490004410D4F8B000414011F4407F11D0D8F826
:1074A0004410D8F8442042F4803221F44071C8F8E6
:1074B0004420D8F8442022F48032C8F84420C8F888
:1074C0004410B0F5807F40F07C82FFF769FB0646F0
:1074D00041F2883A03250327D8F8440010F0020F40
:1074E00040F06D82FFF75CFB801B5045F4D9BBE791
:1074F0000125012612E004F12800012105F0E4F93C
:107500000546002D2E4609D1D8F82800A16F002588
:1075100020F038000843C8F828003E46207880074D
:1075200022D5606F05280AD8DFE800F012030C129C
:10753000121204F10800012105F032F907E00125DB
:10754000012712E004F12800012105F0BDF90546EC
:10755000002D2F4609D1D8F82800616F002520F0B2
:1075600007000843C8F8280037462078400724D58C
:10757000D4F8900005280AD8DFE800F012030C12B6
:10758000121204F10800012105F00AF907E00125B3
:10759000012613E004F12800012105F095F90546C4
:1075A000002D2E460AD1D8F82C00D4F890100025D2
:1075B00020F007000843C8F82C003E4620788006DB
:1075C00026D5D4F88C004FEA307005280AD8DFE8B9
:1075D00000F012030C12121204F10800002105F051
:1075E000DFF807E00125012713E004F1280002215C
:1075F00005F06AF90546002D2F460AD1D8F8280073
:10760000D4F88C10002520F0E0400843C8F828008A
:1076100037462078400626D5D4F898004FEAB020A7
:1076200005280AD8DFE800F012030C12121204F148
:107630000800002105F0B4F807E00125012613E059
:1076400004F12800022105F03FF90546002D2E46E1
:107650000AD1D8F82C00D4F89810002520F4E05076
:107660000843C8F82C003E462078000626D5D4F8FA
:107670009C004FEA703005280AD8DFE800F01203BA
:107680000C12121204F10800002105F089F807E03D
:107690000125012713E004F12800022105F014F967
:1076A0000546002D2F460AD1D8F82C00D4F89C109E
:1076B000002520F460400843C8F82C0037462068B5
:1076C00010F0080F16D0D4F88010B1F5805F0AD101
:1076D00004F12800022105F0F7F8002818BF01275F
:1076E0002068D4F88010D8F8282022F440521143A2
:1076F000C8F82810C10616D5D4F89410B1F5807FCB
:107700000AD104F12800022105F0DEF8002818BF94
:1077100001272068D4F89410D8F82C2022F4407265
:107720001143C8F82C10000321D5D4F8A000B0F5FF
:10773000003F0FD0B0F5803F06D078BB04F10800C1
:10774000002105F02DF804E004F12800022105F0E5
:10775000BBF80546002D2E460AD1D8F82C00D4F8E7
:10776000A010002520F440300843C8F82C003E4605
:10777000A078400728D5D4F88400B0F5401F16D073
:10778000B0F5001F0DD0B0F5801F40F01081D8F883
:10779000000040F40030C8F8000008E00125012690
:1077A000E6E704F12800012105F08EF80546002DDA
:1077B0002F460AD1D8F82800D4F88410002520F4E8
:1077C00040100843C8F828003746A078C00701D108
:1077D0003E4620E0206DB0F5803F07D0C8B9D8F80C
:1077E000000040F40030C8F8000005E004F1080093
:1077F000022104F0D5FF0546002D2E460BD1D8F806
:107800002000216D002520F480300843C8F82000B6
:10781000DEE701250126216811F0005F03D16068D1
:107820008A030CD44CE004F12800022105F04CF846
:10783000002818BF0126D4E900108A0340D5E26F62
:107840006FF0010303EB3223022B0BD34FEA3223F9
:1078500043B1012B40F0AE80D8F8003043F4003340
:10786000C8F800302DB3CA022DD48A0235D44A009C
:107870003DD4B1F1FF3F4ADD090252D4C1075BD1CB
:10788000810764D441076DD4010777D4C10600F1A4
:107890008180800607D504F12800022105F014F844
:1078A000002818BF0546002D18BF01252846BDE851
:1078B000F087D8F8283023F440731A43C8F82820FA
:1078C0003546CA02D1D5D8F82420236F22F00042D1
:1078D0001A43C8F824208A02C9D5D8F82420A36EF8
:1078E00022F080721A43C8F824204A00C1D558F803
:1078F0001C2C22F4004248F81C2CD4F8B42058F870
:107900001C3C1A4348F81C2CB1F1FF3FB4DCD8F8FA
:107910002020636D22F040521A43C8F8202009024B
:10792000ACD5D8F82810D4F8882021F440011143B0
:10793000C8F82810C107A3D004F10800002104F002
:107940002FFF002818BF0546606881079AD504F10B
:107950000800012104F024FF002818BF05466068D4
:10796000410791D504F10800022104F019FF002815
:1079700018BF0546606801077FF588AF04F128004D
:10798000002104F0A1FF002818BF05466068C10669
:107990007FF57FAF04F12800012104F095FF002856
:1079A00018BF0546606880067FF57DAF73E7012547
:1079B00001270AE70125CA027FF557AF83E7D4F80C
:1079C000B00058F81C1C00F440720025B2F5407F4E
:1079D00021F47C5101BF4FF6CF72C0F2FF0202EAE0
:1079E000101211436FF31F3048F81C1CD8F84410D4
:1079F0000843C8F844001BE52DE9F04381B0044674
:107A00008946002C00F0908042F20008C5F2002860
:107A1000D8F8000000F00F0048450ED2D8F800005A
:107A200020F00F0040EA0900C8F80000D8F8000074
:107A300000F00F00484540F0D180206844F218471C
:107A4000C5F6020710F0040F70D101077CD4C106FF
:107A500000F18880810600F19380810700F19E800B
:107A6000C10740F0A98081070AD5E1683A6802F0B1
:107A70000F0291423FBF3A6822F00F021143396072
:107A8000D8F8001001F00F0149450ED9D8F80010C0
:107A900021F00F0141EA0901C8F80010D8F80010E0
:107AA00001F00F01494540F0D580410700F1988071
:107AB000010700F1A380C10600F1AE8080060AD55F
:107AC000E069B96801F0700188423FBFB96821F0F0
:107AD00070010843B86000F06FF9396841F67C72B4
:107AE000C0F60102C1F30321515C01F01F01C8403F
:107AF000396801F00F01515C40F21402C2F20042F9
:107B000001F01F0120FA01F1116040F21001C2F2F0
:107B10000041086040F20800C2F20040006801B075
:107B2000BDE8F043FFF784B80120B3E021693A686B
:107B300002F07002914281BF3A6822F07002114354
:107B4000396001077FF583AF61697A6802F07002DE
:107B5000914281BF7A6822F0700211437960C106B8
:107B60007FF578AFA1697A6802F4E062914281BF43
:107B70007A6822F4E0621143796081067FF56DAF87
:107B8000E169BA6802F07002914281BFBA6822F0DE
:107B900070021143B96081077FF562AFE1683A680E
:107BA00002F00F02914281BF3A6822F00F021143A6
:107BB0003960C1073FF457AF3868A16820F470609E
:107BC000084338606068032835D002283AD157F856
:107BD000181C11F4003F43D101205BE0012059E063
:107BE00021693A6802F0700291423FBF3A6822F080
:107BF00070021143396001077FF55DAF61697A68F2
:107C000002F0700291423FBF7A6822F07002114385
:107C10007960C1067FF552AFA1697A6802F4E0622B
:107C200091423FBF7A6822F4E06211437960800696
:107C30007FF551AF44E757F8181C11F0007F0FD1C2
:107C4000012027E057F8181C012805D1C90507D4E1
:107C500001201FE001201DE0490701D4012019E0A7
:107C600057F8081C21F00701084347F8080CFEF7F5
:107C700097FF064641F2883557F8080C616800F016
:107C80003800B0EBC10F09D0FEF78AFF801BA84275
:107C9000F2D90320C0B201B0BDE8F08320688107AB
:107CA0003FF5E3AEECE6000080B500F085F844F265
:107CB000184141F67C73C5F60201C0F601030A685B
:107CC000C2F303229A5C02F01F0220FA02F2086853
:107CD00040F21401C2F2004100F00F00185C00F005
:107CE0001F0022FA00F0086040F21001C2F20041C9
:107CF0000A6080BD0000000080B500F05DF844F22D
:107D0000184C41F67C7340F21401C5F6020CC0F623
:107D10000103C2F20041DCF80020C2F303229A5CA6
:107D200002F01F02D040DCF8002002F00F029A5C43
:107D300002F01F0220FA02F20A6040F21001C2F2C1
:107D400000410860DCF80400C0F30210185C00F089
:107D50001F0022FA00F080BD80B500F02DF844F23B
:107D6000184C41F67C7340F21401C5F6020CC0F6C3
:107D70000103C2F20041DCF80020C2F303229A5C46
:107D800002F01F02D040DCF8002002F00F029A5CE3
:107D900002F01F0220FA02F20A6040F21001C2F261
:107DA00000410860DCF80400C0F30220185C00F019
:107DB0001F0022FA00F080BD80B544F2304EC5F6B7
:107DC000020E5EF8200CC0F3C20249F20000C0F2BD
:107DD000D030032A14D0022A4ED0002A1EBF40F60B
:107DE0000010C0F23D0080BD5EF8302C12F0200F74
:107DF0001FBF5EF8301CC1F3C101C84080BD80BD0B
:107E00005EF808CC5EF8082C5EF8043CDEF804103E
:107E100003F00103C2F305125B42002A03EAD10119
:107E20006FF35F3100EE101AB8EE400A04BF002075
:107E300080BD0CF00303022B28D0012B21D003BB03
:107E400002EE102A9FED321AB8EE422A5EF8301C7C
:107E500020EE010A11F0200F42D1DEF800009FED64
:107E60002E1A6FF35F2081EE022A03EE100AB8EE9D
:107E7000433A30EE031A1DE043F20060C0F26E1088
:107E800080BDDEF800009FED232A03E0DEF800004D
:107E90009FED1E2A01EE102A6FF35F209FED1C3A22
:107EA000B8EE414A01EE100AB8EE411A82EE042AF9
:107EB00000EE031ADEF80000B7EE000A31EE000A09
:107EC00022EE000AC0F34620013001EE100AB8EE9F
:107ED000411A80EE010ABCEEC00A10EE100A80BD05
:107EE0005EF8301CC1F3C101C840DEF8001003EE9B
:107EF000100A6FF35F2101EE101AB8EE411AB8EEC6
:107F0000433A30EE011A83EE022AD3E7001BB74B47
:107F1000000000390024744A0024744C0000000062
:107F2000F0B581B0044614B3207844F20046C5F69B
:107F30000206C00753D03169B06A01F03801102938
:107F400019D0182904BF00F00300022813D060687C
:107F5000C8B1B0F5803F06D03168B0F5A02F28D168
:107F600041F480203060306840F4803027E0012008
:107F7000C0B201B0F0BD306810F4003F2FD060688F
:107F800068BB0120F4E7306820F48030306030684E
:107F900020F480203060FEF703FE0546306810F4C0
:107FA000003F1CD0FEF7FCFD411B03206429F5D9DE
:107FB000DEE721F480303060306820F480203060CB
:107FC000FEF7EEFD054600BF306810F4003F06D115
:107FD000FEF7E6FD401B6428F6D90320C8E72078A9
:107FE000800754D53169B06A11F0380119D01829C9
:107FF00008BF5FEA807014D0E0683168A8B321F050
:10800000190108433060FEF7CBFD0546306810F0DB
:10801000040F22D1FEF7C4FD401B0228F6D903202D
:10802000A6E73168E06811F0040F02D008B901201A
:108030009EE7316821F0190108433060FEF7B0FD7A
:10804000054600BF306810F0040F06D1FEF7A8FD0A
:10805000411B03200229F5D98AE77068216920F0C5
:10806000FE4040EA0160706011E021F001003060E4
:10807000FEF796FD054600BF306810F0040F06D0ED
:10808000FEF78EFD411B03200229F5D970E7207809
:10809000C00631D53169B06A01F0380108291CD019
:1080A000182904BF00F00300012816D0E1693068E8
:1080B000002900F0CF8040F080003060FEF770FDB6
:1080C000054600BF306810F4807F0ED1FEF768FDD2
:1080D000411B03200229F5D94AE7306810F4807F5C
:1080E0001CBFE069802840F09180F068216A20F090
:1080F0007C5040EA0160F0602078000725D5616976
:10810000706F81B140F001007067FEF749FD0546D0
:10811000706F10F0020F18D1FEF742FD401B0228CD
:10812000F6D9032024E720F001007067FEF738FD40
:10813000054600BF706F10F0020F06D0FEF730FD4D
:10814000411B03200229F5D912E72078800626D5A5
:10815000A169306889B140F480503060FEF720FD9D
:10816000054600BF306810F4005F18D1FEF718FD17
:10817000401B0228F6D90320FAE620F48050306034
:10818000FEF70EFD054600BF306810F4005F06D014
:10819000FEF706FD411B03200229F5D9E8E6207809
:1081A00040070CD4676A7FB3306900F038001828A4
:1081B0002ED1B16A306B012F5ED10120D8E6D6F8FE
:1081C000000440F48070C6F80004FEF7E9FC0546A0
:1081D000D6F8000410F4807F06D1FEF7E1FC401BC6
:1081E0006428F5D90320C3E6A068002876D00128CA
:1081F00006D0316F052840F0EF8041F00400306771
:10820000306F40F00100EDE00020B1E60120AFE664
:10821000306820F080703060FEF7C2FC0546022F07
:108220000CD100BF306810F0007F71D0FEF7B8FCB1
:10823000411B03200229F5D99AE600BF306810F0EF
:10824000007F00F0C580FEF7ABFC411B0320022934
:10825000F4D98DE620F080003060FEF7A1FC0546E1
:10826000306810F4807F3FF447AFFEF799FC411B64
:1082700003200229F4D97BE6A26A01F003039342AA
:1082800040F0A880E26AC1F30511914240F0BE803F
:10829000226B01466FF35F21013A914240F0B880B2
:1082A000C0F34621626B013A914240F0B380C0F3C3
:1082B0000641A26B013A914240F0AE80C0F30660E5
:1082C000E16B0139884240F0A980706BA16CC0F36A
:1082D000CC00814240F0A480002049E6306F20F0BD
:1082E00001003067306F20F004003067FEF758FC63
:1082F000054641F2883700BF306F10F0020F3FF49F
:1083000051AFFEF74DFC411B0320B942F4D92FE6D3
:10831000B06A40F2F33104F130034FF47E478843F2
:10832000D4E90A12084340EA0210B0620FCB07EB0F
:10833000412100F2FF1089B26FF35F2008434FF430
:10834000FE0101EB024101F4FE0108434FF0FE4142
:1083500001EB036101F0FE4108434FF6F871306311
:10836000F06A20F00100F062706B8843A16C40EA73
:10837000C1007063F06A216C20F00C000843F062C9
:10838000F06A616C20F002000843F062F06A40F489
:108390008030F062F06A40F40030F062F06A40F43D
:1083A0008020F062F06A40F00100F062306840F036
:1083B00080703060FEF7F4FB0446306810F0007FF8
:1083C00022D1FEF7EDFB011B03200229F5D9CFE5F1
:1083D0000020CDE50120CBE521F001003067306FB2
:1083E00020F004003067FEF7DBFB054641F28837DA
:1083F000306F10F0020F7FF4D5AEFEF7D1FB411BBA
:108400000320B942F4D9B3E50020B1E50120AFE57E
:108410000120ADE50120ABE50120A9E50120A7E59C
:10842000F06A20F00100F062FEF7BAFB0546FEF7A5
:10843000B7FBA842FBD0706B4FF6F8718843A16C74
:1084400040EAC1007063F06A40F00100F062002071
:108450008EE5000000000000D0F8841041F4806137
:10846000C0F8841001207047B0B5044694B120686C
:1084700043F60001C4F20001884218BFB0BD40F2CB
:10848000D045C2F20045A879811E022903D2FBF72C
:108490007BF804E0B0BD012801D1FBF7B1FEFCF789
:1084A000F3F9EFF31080EFF3108172B6296A01310E
:1084B0002962D4F8841029710021A971697180F3AF
:1084C0001088BDE8B040FCF7F3B9000000000000E0
:1084D000F0B581B00446206801694269866894F865
:1084E000815011F0080F18BF12F400630DD102EA99
:1084F000010707F06400042811D1616F2046884706
:10850000216F2046884701200AE0816941F400611B
:108510008161204601B0BDE8F04000F085BA00203E
:1085200007F04501012903D1216F2046884701202A
:1085300007F02601022905D1616F204601B0BDE890
:10854000F040084708B101B0F0BD380774D417F403
:10855000587FF8D017F040000AD0D4F8840040F0DB
:108560000400C4F884002068816941F04001816101
:10857000B8050AD5D4F8840040F00100C4F884009E
:108580002068816941F40071816107F02000F905DC
:108590000AD5D4F8841041F00801C4F88410216889
:1085A0008A6942F480728A6150B1D4F8840040F044
:1085B0008000C4F884002068816941F02001816155
:1085C000D4F884000028BED0206840F26B320168E5
:1085D00021F00101016001699143016106F440410C
:1085E000B1F5404F79D1816821F440418160E06F5D
:1085F00070B14CF6B921C0F600010165FCF710FD21
:1086000000281EBFD4F8840040F04000C4F8840065
:10861000A06F002897D04CF6B921C0F60001016583
:10862000FCF7FEFC00281EBFD4F8840040F0400098
:10863000C4F8840001B0F0BD2068816941F00801F0
:108640008161816941F010018161816941F40061BA
:108650008161016921F008010161816811F4404FD5
:1086600025D1B4F86A1011B921E000BF2068E16893
:10867000102904D3016B606E016004210CE008290D
:1086800004D3018E606E0180022105E090F8300075
:10869000616E08700121606E08446066B4F86A007B
:1086A0000138A4F86A00B4F86A000028DED1204638
:1086B00004F0A6F9012084F88100D4F8840078B988
:1086C000032D13D0042D17D0052D7FF43CAF204689
:1086D00001B0BDE8F04000F0BBBF012084F881008C
:1086E000204601B0BDE8F040FFF7BEBE204601B015
:1086F000BDE8F04000F0A8BF204601B0BDE8F04062
:1087000000F08EB900000000F0B581B00446002CE6
:1087100068D0002043F6000CA062C4F2000C206870
:1087200060451EBF43F60042C4F20002904208D0EA
:1087300043F20002C4F2010290421CBFE2680F2A19
:1087400050D8E268E36B0121604502F1080201EBB9
:1087500053114FEAD20201FB02F343F60042C4F286
:10876000000207D043F20001C4F20101884218BFA1
:10877000904230D1604505D043F20001C4F20101BE
:1087800088422BD1102B2DD894F8811031B90020BC
:1087900084F88000204600F097F82068022184F8D1
:1087A0008110016821F0010101608368A26961689C
:1087B00003F4F81EB2F1806F1FD1B1B1B1F5800F93
:1087C0001BD1A36BABB101F48001012383EA915C5F
:1087D0004FF4800119E0082B04D8CBE7112BD3D339
:1087E0009042D1D1012001B0F0BDA36BB3F1805F05
:1087F00066D1036843F4805303604B0203D4E368FB
:108800004FF0010C0AE04FF0000CE368072B05D392
:108810000568266D25F48075354302E0056825F46A
:10882000807505600029E569A66AE76B45EA0E05D3
:1088300046EA050647EA060743EA07038360636BD7
:10884000676A43EA0703A76B43EA070342EA0302A6
:10885000A368D4E90476256A42EA070242EA0602DE
:10886000D4E9127642EA050242EA010242EA06022D
:1088700042EA0302A36D42EA070242EA0302C2602F
:1088800009D18168012262F3CC21022281608168D2
:1088900062F34A218160016DBCF1000F21F00101FA
:1088A000016505D1C168626D21F000411143C160CD
:1088B00000200121C4F8840084F8811001B0F0BDCB
:1088C00000219CE7000000002DE9F047B6B0044607
:1088D000002502A8B8213595CDE93355CDE93155AC
:1088E000F7F768FD206843F60001C4F200018842F2
:1088F00002D036B0BDE8F0874FF480500395029067
:1089000002A81995FEF7CCFB002818BFFCF718F950
:1089100044F2E04040F2004531AE4FF0020800273B
:108920004FF003094FF0050AC5F60200C5F602052F
:10893000816841F480418160816801F48041019146
:108940000199016841F004010160016801F004012E
:1089500001910199016841F002010160314600680E
:1089600000F00200019001980620319005F580602A
:10897000CDF8C8803397CDF8D090CDF8D4A0FEF7CD
:1089800023F84FF400503146CDE9310833A880E890
:1089900080062846FEF718F840F2500510262720DA
:1089A0004FF48068C2F20045C4F20206C5E90060D7
:1089B0004FF44030C5E90277C5E90487C5E9067779
:1089C000C5E908072846FDF777F8002818BFFCF727
:1089D000B7F8E567AC6340F2E02506F118002821FE
:1089E0004022C2F2004585E887014FF40030C5E916
:1089F0000577EF61C5E908072846FDF75DF800280F
:108A000018BFFCF79DF8242005210022A567AC6360
:108A1000FEF756F92420FEF743F936B0BDE8F0879B
:108A200070470000000000007047000000000000D8
:108A30002DE9F04381B01D4616460F460446FEF769
:108A4000AFF8804694F88100012807D147B14EB1B4
:108A500094F88000012807D10220B2E10220B0E1A1
:108A60000120AEE10120ACE10121032084F8801057
:108A700084F881000020C4F88400E765A4F86060F1
:108A8000A4F862606066A4F86800A4F86A00C4E90B
:108A90001C00A2682068B2F5C02F04D1016841F41F
:108AA0000061016003E0C26861F35242C260416844
:108AB0004FF6FF72914331434160016841F001017B
:108AC00001606168B1F5800F02BF016841F4007177
:108AD0000160E268102A3ED3B4F86210002900F069
:108AE0003E81002D00F0B880691C02D019E000BF63
:108AF0002068416911F0020F02D1FEF751F809E038
:108B0000E16D51F8042B0262E165B4F862000138AE
:108B1000A4F86200B4F862000028E9D11FE100BFA8
:108B20002068416911F0020F06D1FEF739F8A0EB79
:108B30000800A8420AD34AE1E16D51F8042B026211
:108B4000E165B4F862000138A4F86200B4F862008C
:108B50000028E5D103E1B4F86210072A34D90029CE
:108B600000F0FD80002D00F08C806E1C4FF6FE772B
:108B700000E02068416911F0020F07D1FEF710F8FC
:108B8000EEB1A0EB0800A84219D333E1B4F86210AB
:108B900002290AD3E16B41B1E16D51F8042B026265
:108BA000E165B4F86200384407E0E16D31F8022B6A
:108BB0000284E165B4F862000138A4F86200B4F8F8
:108BC00062000028D5D1CAE0002900F0C880002D3D
:108BD0007AD06E1C4FF6FC774FF6FE7900E02068E5
:108BE000416911F0020F07D1FDF7DAFF7EB3A0EB68
:108BF0000800A8422BD3A1E0B4F86210042924BFD6
:108C0000E16B412919D2B4F8621002290AD3E16B51
:108C100041B1E16D31F8022B0284E165B4F86200E4
:108C2000484412E0E16D097880F82010E06D0130D1
:108C3000E065B4F86200013807E0E16D51F8042BFB
:108C40000262E165B4F862003844A4F86200B4F846
:108C500062000028C3D182E0391D426912F0020F80
:108C600000F0B38051F8042C0262E1650431B4F8DD
:108C70006220013AA4F86220B4F86220002AECD104
:108C80006DE04FF6FE71426912F0020F00F0B08005
:108C9000B4F86220022A09D3E26B3AB13A68043789
:108CA0000262E765B4F862200A4406E03A880237B7
:108CB0000284E765B4F86220013AA4F86220B4F8AF
:108CC0006220002ADFD14AE0416911F0020F33D05F
:108CD0004FF6FC714FF6FE72B4F86230042B24BFDD
:108CE000E36B402B17D8B4F86230022B09D3E36B47
:108CF0003BB13B8802370384E765B4F86200104457
:108D000010E03B7880F82030E06D471CE765B4F850
:108D10006200013806E03B6804370362E765B4F897
:108D200062000844A4F86200B4F86200B8B1206898
:108D3000436913F0020FCFD1FDF732FF204603F055
:108D40005FFED4F8840040F48070C4F884000120F1
:108D500084F88100002084F88000032031E0681C42
:108D60001CD03DB92068406910F0080F1BD1FDF7F9
:108D700017FF0AE02068406910F0080F13D1FDF7D3
:108D80000FFFA0EB0800A842F4D3D4F8840040F011
:108D90002000C4F8840006E0FDF702FF2068406967
:108DA00010F0080FF8D0204603F02AFE012084F8C6
:108DB0008100002084F88000D4F88400002818BFC7
:108DC0000120C0B201B0BDE8F083FDF7E9FE204606
:108DD00003F016FED4F8840040F48070C4F88400D8
:108DE000012084F88100002084F880000320E8E757
:108DF000FDF7D6FE204603F003FED4F8840040F4CD
:108E00008070C4F88400012084F88100002084F878
:108E100080000320D5E700002DE9F04F81B0044623
:108E2000994615460F46E66BFDF7BAFE804694F864
:108E3000810001280ED1002F4FF0010018BF002D36
:108E400009D0B9F1000F0AD094F88000012808D1A8
:108E5000022000E00220C0B201B0BDE8F08F012086
:108E6000F9E701204FF0100B84F88000052084F80A
:108E700081000020C4F884006566A4F86A90A4F814
:108E80006890E765A4F86290A4F86090C4E91C00BB
:108E90002068C16821F4C021C16043F60001C4F21A
:108EA000000188421EBF43F60041C4F2000188421F
:108EB00007D043F20001C4F20101884218BF4FF00D
:108EC000080B42684FF6FF73012101EB56110A9E11
:108ED0009A4342EA09024260026842F001020260DB
:108EE0006268B2F5800F02BF026842F4007202604D
:108EF000E268102AC0F0A68089B24FEA9B0B751C6D
:108F0000CA46009156E000BFFDF74AFEA0EB0800FC
:108F10002946B0424FF0000028BF0120002D18BFA5
:108F20000121002E1CBF0840012849D14AE200BFA0
:108F30004AEA0900000400F011822068416911F03A
:108F4000020F12D05FEA09411CBF1BFA89F1B94236
:108F50000BD9E16D51F8042B0262E165B4F862109F
:108F60000139A4F86210B4F862904169416911F0C6
:108F7000010F12D1FDF714FEA0EB08002946B04204
:108F80004FF0000028BF0120002D18BF0121002E46
:108F900000F018820840CBD014E2016B626E42F8F8
:108FA000041B6266B4F86A100139A4F86A10B4F8B8
:108FB0006AA000991FFA8AF75FB3B942B8D900BF17
:108FC0004AEA0900000400F0C9812068416911F0F3
:108FD000020F12D05FEA09411CBF1BFA89F1B942A6
:108FE0000BD9E16D51F8042B0262E165B4F862100F
:108FF0000139A4F86210B4F862904169426901F441
:10900000004102F0010211433FF47EAFC5E7416920
:1090100000275FEA094100F0A181416911F0020FC8
:109020001CBF1BFA89F1B942F1D9E16D51F8042B4B
:109030000262E165B4F862100139A4F86210B4F874
:109040006290E4E78DB2072A40F2B4804FEA5B0BEE
:10905000CA4603E0A4F86A10B4F86AA01FFA8AF7B7
:10906000002F00F08E80BD423AD94AEA0900000480
:1090700000F074812068416911F0020F12D05FEA9C
:1090800009411CBF1BFA89F1B9420BD9E16D31F8D6
:10909000022B0284E165B4F862100139A4F8621071
:1090A000B4F862904169426912F0010F51D10A048B
:1090B00058D4012F02D111F400514AD1FDF770FDAF
:1090C000A0EB0800B0424FF0000028BF0120711C47
:1090D00018BF0121002E1CBF08400128C5D182E124
:1090E0004AEA0900000400F039812068416911F062
:1090F000020F12D05FEA09411CBF1BFA89F1B94285
:109100000BD9E16D31F8022B0284E165B4F86210ED
:109110000139A4F86210B4F862904169426912F012
:10912000010F16D1012F02D111F4005111D1FDF719
:1091300037FDA0EB0800B0424FF0000028BF01202F
:10914000711C18BF0121002E00F04D810840C7D0CE
:1091500049E1018E626E22F8021B6266B4F86A1061
:10916000013977E7018E626E1180018E5180111DE9
:109170004FF6FE726166B4F86A1011446AE74169FD
:1091800000275FEA094100F0E980416911F0020F10
:109190001CBF1BFA89F1B942F1D9E16D31F8022BFC
:1091A0000284E165B4F862100139A4F86210B4F8E1
:1091B0006290E4E74F4671E0406900276EE047EABD
:1091C0000900000400F0CA802068416911F0020F14
:1091D00015D05FEA09411CBF1BFA89F151450ED930
:1091E000E16D097880F82010E06D0130E065B4F899
:1091F00062000138A4F86200B4F862902068416906
:10920000426912F0010F3BD10A0417D4BAF1030FDF
:1092100002D811F4C04133D1FDF7C2FCA0EB080025
:10922000B0424FF0000028BF0120711C18BF01217F
:10923000002E1CBF08400128C1D1E5E090F83000A5
:10924000616E0870606E411C6166216891F8301093
:109250004170606E411C6166216891F83010417068
:10926000606E411C6166216891F8301041704FF6C4
:10927000FC71606E01306066B4F86A00084409E071
:1092800090F83000616E0870606E01306066B4F86E
:109290006A000138A4F86A00B4F86A701FFA87FA05
:1092A000BAF1000F3DD055453FF689AF47EA0900B6
:1092B000000453D02068416911F0020F15D05FEA15
:1092C00009411CBF1BFA89F151450ED9E16D09789E
:1092D00080F82010E06D0130E065B4F862000138DC
:1092E000A4F86200B4F8629020684169426912F003
:1092F000010FC5D1BAF1030F02D811F4C041BFD19B
:10930000FDF74EFCA0EB0800B0424FF0000028BF74
:109310000120711C18BF0121002E75D00840C5D056
:1093200072E05FEA094019D02068416911F0020F2C
:109330001CBF1BFA89F151457FF63EAFE16D0978FC
:1093400080F82010E06D0130E065B4F8620001386B
:10935000A4F86200B4F8629020682DE7701C1DD05C
:1093600046B92068406910F0080F1CD1FDF718FCC1
:109370000BE000BF2068406910F0080F13D1FDF723
:109380000FFCA0EB0800B042F4D3D4F8840040F006
:109390002000C4F8840006E0FDF702FC2068406964
:1093A00010F0080FF8D0204603F02AFB012084F8C3
:1093B0008100002084F88000D4F88400002818BFC1
:1093C000012048E5204603F01BFBD4F8840040F45C
:1093D0008070C4F88400012084F88100002084F8A3
:1093E0008000032037E5204603F00AFBD4F8840010
:1093F00040F48070C4F88400012084F881000020CB
:1094000084F88000032026E5204603F0F9FAD4F81A
:10941000840040F48070C4F88400012084F8810046
:10942000002084F88000032015E500000000000003
:109430002DE9F04104461D4694F8810001280CD125
:1094400000294FF0010018BF002A00F0F880002D1D
:109450005ED094F88000012803D10220C0B2BDE89C
:10946000F081012084F88000052084F8810000202C
:10947000C4F88400E165A4F86050A4F86250626604
:10948000A4F86850A4F86A50C4E91C002168C868B0
:1094900020F4C020C860886820F440408860E368F9
:1094A000102B0ED3264656F87C0F8769B7F5804FF0
:1094B0002BD1A76FBF69B7F5804F26D14FF4804CF1
:1094C0000CE0082B28D3264656F87C0FD0F818C09D
:1094D000BCF5804F18BFBCF5005F16D1A76FBF6900
:1094E000B7F5005F18BFB7F5804F0ED10F2B3BD8F3
:1094F000B7F5804F01BFB4F8623001335B08A4F8C0
:109500006230BCF5804F24D02EE0002084F880002B
:109510000120C0B2BDE8F081A06F8069B0F5804F36
:1095200005D0B0F5005F0AD10120012301E002233C
:109530000320B4F862703844D840A4F8620026468C
:1095400056F87C0F8369B3F5804F07D0B3F5005F01
:109550000AD1B4F86A3001335B0803E0B4F86A302A
:1095600003339B08A4F86A304CF601334CF60937F4
:109570004CF6D1283031C0F60003C0F60007C0F623
:109580000008C0E90F730027C0E91387B4F86A30F8
:10959000FCF79EFE68B1D4F8840040F01000C4F8D7
:1095A0008400012084F88100C0B284F88070BDE896
:1095B000F0812268906840F4804090602032A06F73
:1095C000C0E90F77C0E91387E16DB4F86230FCF7AA
:1095D0007FFE88B13068FBF7BBFAD4F88400002125
:1095E00040F01000C4F88400012084F88100C0B26B
:1095F00084F88010BDE8F081A16F20684FF6FF73FA
:10960000C96942689A43B1F5807F18BF2A43426016
:10961000816841F400418160016941F45871016140
:10962000016841F0010101606168B1F5800F02BF7E
:10963000016841F400710160002084F88000C0B22C
:10964000BDE8F0810000000070470000000000004D
:10965000FAF73AB800000000704700000000000070
:1096600040F20442C5F60002136823EA00000843F2
:109670001060704700000000411E0020B0EB116F29
:109680001CBF012070474EF21002F023CEF2000200
:1096900051604EF62351CEF200010B70072190600D
:1096A000116070470000000090F83C20012A02BFC2
:1096B0000221C8B27047B0B5012248F2FF7480F8A9
:1096C0003C20CEF6F074D1E900C3D1E902E203EA0E
:1096D000040522F47C522EF470531A4304F50063FF
:1096E0002A4303EA0C0304F5C0551A430B692B40C7
:1096F00004F5F0451A434B691A4304F5605340F2F0
:1097000000441A400B6BC4F201042B4000251A439D
:10971000CB69CEF6FF751A438B6905EA0343134301
:10972000026842F48065A54216D14FF6FF75CDF66A
:109730000F452B40D1E9085CD1E90A4E0021CDF656
:10974000F04101EA0451194325F0085319432CF064
:109750000053194341EA0E030021536480F83C1082
:10976000BDE8B040C8B2704790F83C300222012BEF
:1097700068D010B5012340F2004C80F83C3080F8EE
:109780003D20C4F2010C0268536842F48064D2F8B0
:1097900008E0644502BF4C6823F4700323430C685F
:1097A00023F07003234353604DF6FF73C4F20003AC
:1097B0009A4214DC40F2FF73C4F200039A4222DDA5
:1097C00040F60003C4F200039A421EBF40F6004375
:1097D000C4F200039A4228D041F6000321E04FF67C
:1097E000FF73C4F200039A4213DD0023C4F20103A5
:1097F0009A421EBF44F20003C4F201039A4214D0FD
:10980000624512D016E0B2F1804F0ED040F2004314
:1098100007E04EF20003C4F200039A4205D04EF274
:109820000043C4F200039A4204D189682EF08003F9
:10983000194391600121002280F83D1080F83C20FE
:10984000BDE81040D0B2704710B50446002C04BFEC
:10985000012010BD94F83D0028B9002084F83C0098
:10986000204600F0CDF8022040F6FF3284F83D009B
:10987000C4F200022068016890420FDCB0F1804F12
:109880001EBF40F20042C4F20002904217D040F6E0
:109890000002C4F20002904211D014E040F60042EF
:1098A000C4F2000290421EBF40F20042C4F2010224
:1098B000904204D00022C4F20102904203D1A26877
:1098C00021F0700111434EF2FF32C4F200029042C7
:1098D00013DD43F6FF72C4F20102904222DC4EF225
:1098E0000042C4F2000290421EBF0022C4F20102F4
:1098F000904233D040F2004222E040F2FF72C4F2C4
:109900000002904221DD40F60002C4F200029042C3
:109910001EBF40F60042C4F2000290421ED04EF23A
:10992000000217E044F20002C4F2010290421EBF9E
:1099300044F60002C4F2010290420FD044F2004209
:10994000C4F20102904209D00CE0B0F1804F05D082
:1099500040F20042C4F20002904203D1226921F495
:1099600040711143E268A36921F08001C26219438A
:109970006268826243F6FF72C4F2010290420EDD19
:1099800044F20002C4F2010290421EBF44F60002FB
:10999000C4F2010290420DD044F2004206E00022DF
:1099A000C4F20102904205D040F20042C4F201022A
:1099B000904201D162690263026842F004020260CF
:1099C000012242610160002084F8482084F83E2092
:1099D00084F83F2084F8402084F8412084F8422015
:1099E00084F8432084F8442084F8452084F84620F5
:1099F00084F8472084F83D2010BD000000000000DE
:109A000000680021C4F20101884218BF704781B08C
:109A100044F2F040C5F60200016841F00101016026
:109A2000006800F001000090009801B0704700004D
:109A300090F83C300222012B00F09F8010B50123EA
:109A40004FF6887C80F83C3080F83D208822CFF6A5
:109A5000CF7CD0F800E0CFF6CE72DEF808301A40A6
:109A6000CEF808200B686F2B0CDDB3F1101F30DA35
:109A7000B3F5005F3DDA702B00F08180B3F5805FB5
:109A800072D0BEE02F2B2EDD4F2B37DC302B62D077
:109A9000402B40F0B6804A68C968DEF82030DEF816
:109AA000204024F00104CEF82040DEF8184024F0D5
:109AB000F00444EA0111CEF8181023F00A01114312
:109AC000CEF82010DEF8081001EA0C0141F0470141
:109AD00048E02F21C0F210018B4232DCB3F1101F9D
:109AE00039D0202133E0B3B3102B18BF202B32D054
:109AF00087E056D0B3F5801F2DD082E0502B62D086
:109B0000602B7ED14A68C968DEF82030DEF820403C
:109B100024F01004CEF82040DEF8184024F47044FD
:109B200044EA0131CEF8181023F0A00141EA0211F5
:109B3000CEF82010DEF8081001EA0C0141F06701B0
:109B400010E03021C0F210018B4204D04021C0F25D
:109B500010018B4255D1DEF8081001EA0C011943BF
:109B600041F00701CEF808100022012180F83D10D5
:109B7000002180F83C10BDE81040D0B27047D1E918
:109B80000123C9681A4342EA0121DEF8082022F4C1
:109B90007F421143CEF80810DEF8081041F077013B
:109BA000E0E7D1E90123C9681A4342EA0121DEF85E
:109BB000082022F47F421143CEF80810DEF8081086
:109BC00041F48041CEE74A68C968DEF82030DEF80B
:109BD000204024F00104CEF82040DEF8184024F0A4
:109BE000F00444EA0111CEF8181023F00A011143E1
:109BF000CEF82010DEF8081001EA0C0141F0570100
:109C0000B0E70122B1E7000090F83C30012B02BF21
:109C10000223D8B270474FEAB2020123052A80F826
:109C20003C3000F23D822DE9F04348F6FF444FF608
:109C30008C75CFF6FF64CFF6FE75DFE812F00600F4
:109C400033007600B800E40010010368D3F820E088
:109C50001A6A984622F001021A622EF00202D3F824
:109C600004C058F8186F8C680F6844EA020E06EAC0
:109C7000050243F6FF75C4F2010542EA0704AB4250
:109C800040F31A8144F20002C4F2010293421EBF63
:109C900044F60002C4F20102934200F0188144F23B
:109CA000004210E103681A6A1F6A984627F01007FD
:109CB00022F020021F62D3F8049058F8187F8D68B4
:109CC0000E6842EA051C07EA040240F2004442EA38
:109CD000062E43F48062C4F20104A24201BFCA68A6
:109CE0006FF04F0505EA02122CF0C00708BF42EAE8
:109CF000070C43F6FF72C4F20102934240F3018164
:109D000044F20002C4F2010293421EBF44F6000274
:109D1000C4F20102934200F0FB8044F20042C4F21C
:109D20000102934200F0F480FAE003681A6A1F6AA5
:109D3000984627F4807722F400721F62D3F80490CB
:109D400058F81C7F8C680E6842EA042C07EA05026A
:109D500040F2004542EA060E43F48062C4F2010577
:109D6000AA4208D1CA6840F2FF442CF440671202AC
:109D7000A24342EA070C43F6FF72C4F20102934287
:109D800040F3DF8044F20002C4F2010293421EBF9E
:109D900044F60002C4F20102934200F0D98044F27A
:109DA0000042C4F20102934200F0D280D8E003687E
:109DB0001A6A1F6A984627F4805722F400521F62DD
:109DC000D3F8049058F81C7F8D680E6842EA053C71
:109DD00007EA040242EA062E43F6FF72C4F20102C9
:109DE000934240F3CE8044F20002C4F20102934257
:109DF0001EBF44F60002C4F20102934200F0CC8080
:109E000044F20042C4E003681A6A1F6A984627F4C5
:109E1000803722F400321F62D3F8049058F8547F40
:109E20008C680E6842EA044CEA1C3A4042EA060E8C
:109E300043F6FF72C4F20102934240F3C38044F23E
:109E40000002C4F2010293421EBF44F60002C4F2B3
:109E50000102934200F0C18044F20042B9E003687D
:109E60001A6A1F6A984627F4801722F400121F62AC
:109E7000D3F8049058F8547F8D680E6842EA055C68
:109E800004F540723A4042EA062E43F6FF72C4F2ED
:109E90000102934240F3B78044F20002C4F201028F
:109EA00093421EBF44F60002C4F20102934200F046
:109EB000B58044F20042ADE00022C4F201029342B8
:109EC00005D040F20042C4F20102934206D1CF68AD
:109ED0002EF00C0227F0040747EA020EAB4240F3D3
:109EE000B58044F20002C4F2010293421EBF44F660
:109EF0000002C4F20102934200F0B38044F2004237
:109F0000ABE00022C4F20102934201D0A34207D188
:109F1000D1E9052429F4406545EA820242EA840930
:109F2000C3F80490C3F818E04A689A63C3F820C0E5
:109F30009A6942F400629A619A6922F480629A6195
:109F400081E00022C4F20102934201D0AB4207D16A
:109F5000D1E9052429F4405545EA021242EA0419E0
:109F6000C3F80490C3F81CE04A68DA63C3F820C061
:109F7000DA6942F00802DA61DA6922F00402DA6191
:109F800085E00022C4F20102934205D040F2004273
:109F9000C4F20102934204D14A6929F4804444EA9C
:109FA0008219C3F80490C3F81CE04A681A64C3F825
:109FB00020C0DA6942F40062DA61DA6922F4806270
:109FC000DA6140E00022C4F20102934205D040F27F
:109FD0000042C4F20102934204D14A6929F4803458
:109FE00044EA0229C3F80490C3F854E04A689A6529
:109FF000C3F820C05A6D42F008025A655A6D22F02B
:10A0000004025A6543E00022C4F20102934205D0E3
:10A0100040F20042C4F20102934204D14A6929F499
:10A02000802444EA8229C3F80490C3F854E04A68C3
:10A03000DA65C3F820C05A6D42F400625A655A6D61
:10A0400022F480625A650969090221E00022C4F203
:10A050000102934205D040F20042C4F20102934251
:10A0600006D1D1E905252CF440773A4342EA050CA4
:10A07000C3F804C09C614A685A63C3F820E09A6937
:10A0800042F008029A619A6922F004029A61096911
:10A09000D8F8002000231143C8F80010BDE8F043B1
:10A0A000002180F83C10D8B270470000000000008A
:10A0B00010B50446002C04BF012010BD94F83D00EB
:10A0C00028B9002084F83C00204600F0CDF802209A
:10A0D00040F6FF3284F83D00C4F2000220680168B7
:10A0E00090420FDCB0F1804F1EBF40F20042C4F23C
:10A0F0000002904217D040F60002C4F200029042E3
:10A1000011D014E040F60042C4F2000290421EBF9B
:10A1100040F20042C4F20102904204D00022C4F294
:10A120000102904203D1A26821F0700111434EF266
:10A13000FF32C4F20002904213DD43F6FF72C4F214
:10A140000102904222DC4EF20042C4F20002904230
:10A150001EBF0022C4F20102904233D040F20042FE
:10A1600022E040F2FF72C4F20002904221DD40F68C
:10A170000002C4F2000290421EBF40F60042C4F248
:10A18000000290421ED04EF2000217E044F200029C
:10A19000C4F2010290421EBF44F60002C4F2010262
:10A1A00090420FD044F20042C4F20102904209D022
:10A1B0000CE0B0F1804F05D040F20042C4F2000242
:10A1C000904203D1226921F440711143E268A369EE
:10A1D00021F08001C26219436268826243F6FF7215
:10A1E000C4F2010290420EDD44F20002C4F2010208
:10A1F00090421EBF44F60002C4F2010290420DD00C
:10A2000044F2004206E00022C4F20102904205D06E
:10A2100040F20042C4F20102904201D1626902633D
:10A22000026842F0040202600122426101600020E3
:10A2300084F8482084F83E2084F83F2084F84020A9
:10A2400084F8412084F8422084F8432084F8442094
:10A2500084F8452084F8462084F8472084F83D207F
:10A2600010BD00000000000070470000000000006A
:10A2700071B180B50B1F4FF0010C05224FEAB30EF0
:10A28000BEF1040F38BF0CEBB302BDE8804000E024
:10A290000022024492F83E20012A1CBF0120704790
:10A2A00061B10A1F4FEAB202032A0BD8DFE802F0BD
:10A2B000020E1216022280F83F2012E0022280F8DD
:10A2C0003E200EE0022280F843200AE0022280F8BD
:10A2D000402006E0022280F8412002E0022280F8BD
:10A2E000422001F01F0101228A400168086A904360
:10A2F0000862086A104308624EF2FF30C4F20000A0
:10A30000814212DC40F6FF30C4F20000814220DCC2
:10A31000B1F1804F1EBF40F20040C4F20000814204
:10A3200000F0818040F6000079E043F6FF70C4F24F
:10A33000010081421CDC4EF20040C4F20000814268
:10A3400071D00020C4F20100814223D040F20040CD
:10A350001CE040F60040C4F2000081421EBF41F6FE
:10A360000000C4F2000081425DD04EF2000056E0D1
:10A3700044F20000C4F2010081421EBF44F6000016
:10A38000C4F20100814205D044F20040C4F2010051
:10A39000814253D1486C40F4004048644DF6FF7050
:10A3A000C4F20000814214DC40F2FF70C4F20000ED
:10A3B000814226DD40F60000C4F2000081421EBF4B
:10A3C00040F60040C4F2000081422CD041F600006B
:10A3D00025E04FF6FF70C4F20000814217DD002037
:10A3E000C4F2010081421EBF44F20000C4F2010029
:10A3F000814218D040F20040C4F20100814212D0E4
:10A400001CE0B1F1804F0ED040F2004007E04EF268
:10A410000000C4F20000814205D04EF20040C4F2B8
:10A42000000081420AD188680722C0F2010202407E
:10A430000020062A18BFB2F5803F04D0086840F01B
:10A44000010008600020704790F88410012902BFC5
:10A450000221C8B270472421C0F88810026813682E
:10A46000116821F0010123F00053116000214166C1
:10A4700013602022C0F8882080F88410C8B270478A
:10A4800010B50446D4F88C0020281CBF022010BD53
:10A4900000294FF0010018BF002A28D00120E066F3
:10A4A00000202067204603F02FFE002818BF10BDB3
:10A4B000E06E01281CBF012010BD20681021016240
:10A4C00050E8000F216840F0100041E80002002A27
:10A4D00004BF002010BD00BF206850E8000F2168B5
:10A4E00040F0100041E800020020002AF4D110BD25
:10A4F0002DE9F04FA1B000680D4641F60041C4F2CD
:10A500000101884240F0F78340F20026C2F2004683
:10A51000B789C7F1840080B2A84204D20027B7816E
:10A52000B0690130B06140F6206140F6AC64842D22
:10A53000C2F20041C2F2004401EB050088BFA0F165
:10A54000840128BF8425E0192A46F5F70CFF781905
:10A5500082B2B081022AC0F04A8306AD4FF6FE787F
:10A5600041F2210B4FF000094FF0000A05F10E01F6
:10A57000C0F20108029105F10B01019111A901F14D
:10A580001A030B31049303912AE200BF1A5C0130D5
:10A59000D2B289B281EA02218BEA410211F4004F62
:10A5A00008BF4A0008EA420112F4004F18BF81EACE
:10A5B0000B0108EA410211F4004F18BF82EA0B02B6
:10A5C00008EA420112F4004F18BF81EA0B0108EAC1
:10A5D000410211F4004F18BF82EA0B0208EA42015F
:10A5E00012F4004F18BF81EA0B0108EA410211F48E
:10A5F000004F18BF82EA0B0208EA420112F4004F32
:10A6000018BF81EA0B012A28C0D1ADF86E10EFF314
:10A610001082EFF3108172B6B1780B2900F24281FB
:10A620003178059241F2F02EDDE91597DDE911034D
:10A63000C2F2004E11FB0CF20093DDE9133C4EF820
:10A6400002002C2011FB00E0C0E90497C0E9023CA5
:10A6500000994160DDE917C2DDE919371B99816274
:10A66000C0E90837C0E906C24AF6AB213078CAF61D
:10A67000AA210130A0FB0112D108059A01EB41018A
:10A68000A0EB810001213070B0780130B07002B9C8
:10A6900062B6002940F09582306A0130306290E263
:10A6A000225C0130D2B289B281EA02218BEA4102F6
:10A6B00011F4004F08BF4A0008EA420112F4004FAB
:10A6C00018BF81EA0B0108EA410211F4004F18BFDC
:10A6D00082EA0B0208EA420112F4004F18BF81EA35
:10A6E0000B0108EA410211F4004F18BF82EA0B0285
:10A6F00008EA420112F4004F18BF81EA0B0108EA90
:10A70000410211F4004F18BF82EA0B0208EA42012D
:10A7100012F4004F18BF81EA0B012A28C0D1ADF80E
:10A720006E10EFF3108CEFF3108172B6B1780B2935
:10A7300033D831782C20169F41F2F024C2F2004425
:10A7400011FB00F215980590DDE9113EDDE91309D2
:10A75000A3502C2211FB0241059A4F61C1E90392DB
:10A76000C1E901E0DDE917E2DDE919371B988862EC
:10A77000C1E90837C1E906E24AF6AB213078CAF6EA
:10A78000AA210130A0FB0112D10801EB4101A0EB8D
:10A7900081003070B0780130B07040F6AC64BCF12C
:10A7A000000FC2F2004440F00C8262B609E20C2FA6
:10A7B00040F0078202989DF822309DF823209DF8F2
:10A7C00024E09DF825C007798DF848700768119737
:10A7D00037797079013707F00307874240F08880A6
:10A7E000B07900285CD10598B0649DF8480086F8DF
:10A7F0004C3086F84D2086F84EE086F84FC086F83B
:10A80000540011983065042086F855000120B0717D
:10A81000D7E1202F40F0D58101999DF82270A14603
:10A82000002011AC1F228DF88200ADF88000204678
:10A83000F5F799FDF079002800F08D80B0694C465D
:10A84000BDE1082F40F0BD81707A48BB9DF828001B
:10A85000BDF82610DDF82220059BC6E90F32A6F8C8
:10A86000441086F846000120BFF35F8F7072A8E1A4
:10A87000002F40F0A681307A90B90598B06301208E
:10A88000BFF35F8F30729CE1042F40F09A819DF8F6
:10A8900022009DF823109DF82420B37A002B45D088
:10A8A000B0698CE1B078002850D041F2F02E4AF621
:10A8B000AB2905920022C2F2004ECAF6AA2900BFB7
:10A8C000707850FA82F0A0FB0913D90801EB41011E
:10A8D000A0EB810303FB0CE1CF78082F18BF052FF5
:10A8E00058D0B0780132D1B28142E9D3002172E070
:10A8F000307940F2E031C2F2004101EB00100599DD
:10A90000C1629DF8481080F8303080F8312080F81E
:10A9100032E080F833C080F838101199416300218B
:10A9200080F83910BFF35F8F37714AE1059F40F619
:10A93000F823C2F200431F601871002059719A7108
:10A94000D8710120BFF35F8FB0723AE10021002A75
:10A950007FF49FAE9CE6059821461F22B06506F164
:10A960005D0086F85C70F5F7FEFC022F4FF00800E2
:10A970004C4608BF002086F87C009DF8820086F8CF
:10A980007F00BDF88000A6F87D000120BFF35F8F37
:10A99000F07116E12C2041F2F02C03FB00F9DDE907
:10A9A00015E3DDE91170C2F2004C0090DDE91320DF
:10A9B0004CF80970C1E904E3C1E90220009848603D
:10A9C000DDE917C2DDE919371B988862C1E908374C
:10A9D000C1E906C20121059A002A7FF45AAE57E662
:10A9E00014F80910452940F0E78004EB09014B7881
:10A9F000592B40F0E1802C2AC0F0EC8028462C2214
:10AA0000F5F7B1FCBDF8180045F64511884204BFC2
:10AA10009DF81A00042840F0CF80BDF82070202F48
:10AA200000F2CA80BDF842004FF6FF7245230121B3
:10AA300002E000BF6B5C0131DBB292B282EA03221A
:10AA40008BEA420312F4004F08BF530008EA4302A6
:10AA500013F4004F18BF82EA0B0208EA420312F413
:10AA6000004F18BF83EA0B0308EA430213F4004FB8
:10AA700018BF82EA0B0208EA420312F4004F18BF23
:10AA800083EA0B0308EA430213F4004F18BF82EA7B
:10AA90000B0208EA420312F4004F18BF83EA0B03CB
:10AAA00008EA430213F4004F18BF82EA0B022A2976
:10AAB000C0D191B2884240F07F80706901307061EE
:10AAC000079805907062FCF76BF8B06209F12C0AE8
:10AAD0009DF81B0003380C2800F27380DFE800F0BB
:10AAE0004B710C0B71710A71097108710700CBE68B
:10AAF000BEE6A6E68DE65AE611AC2C212046F5F717
:10AB000059FC00208DF88200ADF88000CDE91E00D0
:10AB1000CDE91C000520D6F814C0F169B269336A8A
:10AB20008DF8470005989DF8827012902020ADF8AE
:10AB30004C0002208DF84E0003988770BDF880709D
:10AB400007809818CDF852C0CDF856101CABCDF840
:10AB50005A000FCB049FFB60BA607960386045F6FD
:10AB600045104FF6FF714522ADF8440004208DF8E2
:10AB70004600012096E508AFDDE906C18CCF0B98B1
:10AB8000169013A88CC0CDE911C10CAF0DF15C0C6F
:10AB90008FCF8CE88F00042145F64510452211AB7C
:10ABA0004FF02C0C8DF84710ADF844008DF846108E
:10ABB0004FF6FF710120EBE4B0690AF1010A0130A0
:10ABC000B061B0891FFA8AF9A0EB09018AB2012AA3
:10ABD0003FF606AF5FEA0A4109D080B204EB0901F3
:10ABE000A0EB090520462A46F5F7BDFBB58140F6E6
:10ABF000780440F620618422C2F20044C2F200418F
:10AC00002046FFF73DFC002875D1D4F880000028CD
:10AC100071D0006840F20F426FF00801C4F20202E6
:10AC2000904210DC6F22C4F20202904220DC3F22EC
:10AC3000C4F20202904236DC1022C4F202029042B8
:10AC400056D028224EE040F26F42C4F202029042F7
:10AC50001ADC40F23F42C4F2020290422ADC40F287
:10AC60001042C4F20202904242D040F2284239E03F
:10AC70009F22C4F20202904225DC7022C4F202023A
:10AC8000904235D088222DE040F29F42C4F2020269
:10AC900090421FDC40F27042C4F20202904227D080
:10ACA00040F288421EE04022C4F2020290421FD0CD
:10ACB000582217E040F24042C4F20202904217D0FC
:10ACC00040F258420EE0A022C4F2020290420FD09D
:10ACD000B82207E040F2A042C4F20202904207D03C
:10ACE00040F2B842C4F20202904218BF6FF0040171
:10ACF00002681140016021B0BDE8F08F0000000043
:10AD0000704700000000000090F88420012A02BF74
:10AD10000221C8B27047B0B54FF0010E242280F86E
:10AD200084E0C0F888200268D2F800C0136823F0DD
:10AD300001031360936823F0606319439160416ECF
:10AD4000C9B1916841F6B47E41F6AC75C0F6010E0A
:10AD5000C0F60105C1F342611EF80130695C0901CA
:10AD6000B1FBF3F193685B0F1EF80340EB5C1B0132
:10AD7000B3FBF4FE00E00121A0F86AE0A0F868103F
:10AD80002021C2F800C0C0F88810002180F884108B
:10AD9000BDE8B040C8B2704790F88420012A02BFD5
:10ADA0000221C8B27047B0B54FF0010E242280F8DE
:10ADB00084E0C0F888200268D2F800C0136823F04D
:10ADC00001031360936823F0604319439160416E5F
:10ADD000C9B1916841F6B47E41F6AC75C0F6010E7A
:10ADE000C0F60105C1F342611EF80130695C09013A
:10ADF000B1FBF3F193685B0F1EF80340EB5C1B01A2
:10AE0000B3FBF4FE00E00121A0F86AE0A0F86810AE
:10AE10002021C2F800C0C0F88810002180F88410FA
:10AE2000BDE8B040C8B270477047000000000000A5
:10AE3000704700000000000010B50446206850E88C
:10AE4000000F216820F4907041E80002002AF5D13B
:10AE50004FF6FE70CEF6FF70216851E8021F22689F
:10AE6000014042E80213002BF6D1E06E012809D11F
:10AE7000206850E8000F216820F0100041E800022F
:10AE8000002AF5D12068816811F0400F01D11DE042
:10AE9000206850E8020F216820F0400041E80202DB
:10AEA000002AF5D1D4F8800080B100210165F9F7BE
:10AEB0004FFE58B1D4F88000FAF702FA202805D1E5
:10AEC0001020C4F890000320C0B210BD00200F2253
:10AED000A4F85E0021680A628A6942F008028A6169
:10AEE0002021C4F88C10E066C0B210BD0000000044
:10AEF00010B50446206850E8000F216820F0C0001B
:10AF000041E80002002AF5D1206850E8020F2168CC
:10AF100020F4000041E80202002AF5D1206881688F
:10AF200011F0800F01D11BE0206850E8020F21686A
:10AF300020F0800041E80202002AF5D1E06F78B1EC
:10AF400000210165F9F704FE50B1E06FFAF7B8F996
:10AF5000202805D11020C4F890000320C0B210BDF5
:10AF60000020A4F85600606EB0F1005F01BF2068B9
:10AF7000816941F0100181612020C4F8880000201F
:10AF8000C0B210BD00000000006841F20001C4F230
:10AF90000101884208D041F60041C4F20101884213
:10AFA00008BF03F04DBE704740F280200021C2F27E
:10AFB00000404171416B0131416370470000000066
:10AFC0002DE9F041044640F62F012068C26902EAEB
:10AFD000010701688368202F0DD101F0200703F0DD
:10AFE0008056374307D0616F002900F02882204641
:10AFF000BDE8F041084740F60F074FF6FE781740CE
:10B00000CEF6FF7852D040F220160125C0F200465D
:10B01000C1F200050E401D402E4347D0D6070BD08D
:10B0200011F480761FBF01260662D4F8906046F0C6
:10B03000010618BFC4F8906003F0010697070AD50F
:10B04000002E1FBF02270762D4F8907047F0040754
:10B0500018BFC4F8907057070AD5002E1FBF0427E9
:10B060000762D4F8907047F0020718BFC4F89070D8
:10B0700017070CD501F020072F431FBF08270762D1
:10B08000D4F8907047F0080718BFC4F890701705FF
:10B090005CD511F0806759D04FF4006725460762F0
:10B0A00055F8907F47F020072F6051E0E66E02EAE6
:10B0B0000105EF063BD5012E39D1102101628168CF
:10B0C00011F0400F40F0B380B4F85C10B4F85E208B
:10B0D000B4F85E30002B00F0B281891A89B211B940
:10B0E000ADE100BF206850E8000F226820F49070A6
:10B0F00042E80003002BF5D1206850E8020F2268D7
:10B1000000EA080042E80203002BF5D12020C4F831
:10B110008C000020E0666067206850E8000F22681D
:10B1200020F0100042E80003002BF5D189E1D7029E
:10B1300040F1988013F4800700F094804FF4801160
:10B1400001622046BDE8F041FFF772BE04F19005B0
:10B150002F68002F00F0738112F020020BD001F055
:10B16000200103F0805211431CBF616F002902D0FF
:10B170002046884720682968826801F0280102F08B
:10B180004002114309D12046FFF7FEFE0020C4F81B
:10B190009000BDE8F08100BF206850E8000F2168F2
:10B1A00020F4907041E80002002AF5D1206850E8B0
:10B1B000020F216800EA080041E80202002AF5D1E6
:10B1C000E06E01280AD100BF206850E8000F216816
:10B1D00020F0100041E80002002AF5D12020C4F838
:10B1E0008C000020E06660672068816811F0400FE5
:10B1F00001D144E0206850E8020F216820F04000AF
:10B2000041E80202002AF5D1D4F88000B8B34DF22B
:10B21000E931C0F600010165F9F702FF002800F0EE
:10B220000E81D4F88000016DBDE8F0410847D4F8E4
:10B23000802040F20F43C4F202031168994241DCBE
:10B240006F23C4F2020399425BDC3F23C4F2020382
:10B25000994271DC1023C4F20203994200F09D80F0
:10B26000282394E017060FD501F0800703F40003AC
:10B270003B4309D0A16F00297FF4B9AEDFE020463F
:10B28000BDE8F041FFF780BE6B0630D550E8000FF7
:10B29000216820F0400041E800024AB1206850E8EF
:10B2A000000F216820F0400041E80002002AF5D19B
:10B2B0002020C4F888000020A0672046BDE8F041A7
:10B2C00000F0EEBB40F26F43C4F20203994224DC6B
:10B2D00040F23F43C4F20203994234DC40F210438F
:10B2E000C4F20203994258D040F228434FE01002C2
:10B2F00032D511F080402FD02046BDE8F041FFF755
:10B3000093BD9F23C4F20203994231DC7023C4F23F
:10B310000203994241D0882339E040F29F43C4F2AE
:10B32000020399422BDC40F27043C4F202039942BB
:10B3300033D040F288432AE04023C4F2020399420A
:10B340002BD0582323E040F24043C4F20203994239
:10B3500023D040F258431AE0D00170D5B1F1FF3F3D
:10B36000C8BFBDE8F0812046BDE8F041FFF7C8BC8A
:10B37000A023C4F2020399420FD0B82307E040F2A1
:10B38000B843C4F20203994207D040F2A043C4F28A
:10B390000203994208BF116800E0116804310F6888
:10B3A000B4F85C30B9B2002943D0994241D2A4F834
:10B3B0005E70D169B1F5807F01D133E0206850E83B
:10B3C000000F216820F4807041E80002002AF5D1C6
:10B3D000206850E8020F216820F0010041E80202D5
:10B3E000002AF5D1206850E8020F216820F04000C3
:10B3F00041E80202002AF5D12020C4F88C00002088
:10B40000E06600BF206850E8000F216820F01000BF
:10B4100041E80002002AF5D1D4F88000F9F798FB42
:10B42000B4F85C3002202067B4F85E00181A81B2CC
:10B4300009E08B4204BFD069B0F5807F01D0BDE840
:10B44000F081022020672046BDE8F041FFF750B8A8
:10B4500010B50446DCB1D4F8880028B9002084F87F
:10B460008400204600F028F82420C4F888002068D2
:10B47000016821F001010160A06A00281CBF20467C
:10B4800001F0D6FE204602F043FB012801D1012045
:10B4900010BD2068416821F490414160816821F02D
:10B4A0002A018160016841F0010101602046BDE888
:10B4B000104001F035BF00002DE9F043B5B004465F
:10B4C000002702A8B8213497CDE93277CDE930774B
:10B4D000F4F770FF206841F6004140F2580841F24D
:10B4E000000944F2E046C4F20101C4F20208C5F6C4
:10B4F0000209C5F6020688423ED041F20001C4F2BC
:10B500000101884200F0948047F60001C4F2000176
:10B51000884240F08A80002402A802270394029700
:10B520001F94FBF7BDFD002818BFF9F709FBB068B1
:10B5300030A940F08040B060B06800F080400190D9
:10B540000198306840F010003060306800F0100062
:10B55000019001984FF4C070CDE930070720CDE984
:10B56000324434904846FBF72FFA5220052100223E
:10B57000FBF7A6FB5220AAE001200397029002A845
:10B580002097FBF78DFD002818BFF9F7D9FA30692D
:10B590000225002740F080003061306900F0800013
:10B5A00001900198306840F010003060306830AE93
:10B5B000314600F010000190019804203090319540
:10B5C000CDE9327734904846FBF7FEF9082030A9E0
:10B5D000A1C10B203397314634904846FBF7F4F96C
:10B5E00040F2603508F11800C2F20045286076206C
:10B5F000C5E901074FF48060EF60C5E90877C5E948
:10B600000677C5E904072846FAF756FA002818BF56
:10B61000F9F796FA9C2006210022C4F88050AC630A
:10B62000FBF74EFB9C20FBF73BFB35B0BDE8F083FE
:10B63000002701200397029002A82097FBF730FD16
:10B64000002818BFF9F77CFA306930A940F01000E3
:10B650003061306900F0100001900198306840F0CE
:10B6600001003060306800F00100019001984FF453
:10B67000C06030900220CDE9310707203397349025
:10B68000A9F58050FBF7A0F940F2D0052A2040210F
:10B690004FF48062C2F20045C5E900804FF480306B
:10B6A000C5E90217C5E90427C5E90677C5E9080712
:10B6B0002846FAF701FA002818BFF9F741FA2520C1
:10B6C00005210022E567AC63FBF7FAFA2520FBF7BA
:10B6D000E7FA35B0BDE8F083D0F88C30202B1EBFE0
:10B6E0000223D8B2704700294FF0010318BF002A87
:10B6F00023D080B50023C36640F60043D0F800C0D5
:10B70000C5F600039C451CBFDCF8043013F4000FA1
:10B710000ED05CE8003F02E0036853E8003FD0F839
:10B7200000C043F080634CE8003EBEF1000FF3D14F
:10B7300002F03AFD0023BDE88040D8B27047000017
:10B7400080B540F28011C2F200418A68824218BF7F
:10B7500080BD0A7C0B78AA2A00D05BB1552A0ED096
:10B76000012B0CD10023AA2A0B7001BF01220A7001
:10B77000AA220A7410310122FFF7AEFF80BD03F147
:10B78000010C0B4481F800C01A745FFA8CF2052A90
:10B790000AD30A7DFB2A05D18A7C8A70CA7CCA70CA
:10B7A00001224A7000220A7010310122FFF794FF33
:10B7B00080BD000000000000704700000000000095
:10B7C0002DE9F04381B004461D4616460F46D4F8D5
:10B7D000880020281ED1002F4FF0010018BF002E36
:10B7E00000F0A7804FF000092120C4F89090C4F821
:10B7F0008800FBF7D5F9A4F85460A4F85660804699
:10B80000A068B0F5805F07D12669002E0CBFB9464D
:10B810003E4602E002208CE03E46B4F856302068F6
:10B820000146002B51F81C2F36D06B1C1AD0002D6E
:10B8300050D100BF120676D516B116F8012B04E0E0
:10B8400039F8022B00266FF35F228262B4F856208B
:10B85000013AA4F85620B4F856300A68002BE9D112
:10B860001AE000BF120603D40A6812F0800FFBD062
:10B8700016B116F8012B04E039F8022B00266FF3FD
:10B880005F228262B4F85620013AA4F85620B4F838
:10B8900056300A68002BE5D1500615D4002D3ED055
:10B8A000681C05D1086810F0400FFBD00CE000BF09
:10B8B000FBF776F9A0EB0800A8423ED820680168A3
:10B8C000C06910F0400FF3D000202021C4F8881088
:10B8D0002FE000BF11060BD4FBF762F9A0EB0800C4
:10B8E000A84222D820680168C16911F0800FF3D006
:10B8F00016B116F8011B04E039F8021B00266FF39D
:10B900005F218162B4F856100139A4F8561001463F
:10B91000B4F8563051F81C2F002BDBD1BCE7FBF7F5
:10B920003FF90320D1E7FBF73BF92020C4F888005A
:10B930000320C0B201B0BDE8F0830320C5E70000DA
:10B94000B0B504461346D4F8880020281EBF022054
:10B95000C0B2B0BD002918BF002B27D00025212080
:10B960002165A4F85430A4F85630C4F89050C4F8B7
:10B970008800E06FE8B14DF2815C4DF2C15E4DF29E
:10B98000F932C0F6000CC0F6000EC0F60002C0E9A5
:10B990000FCEC0E9132522682832FAF799FC40B18E
:10B9A0001020C4F890002020C4F888000120C0B204
:10B9B000B0BD20684021016250E8020F216840F0CC
:10B9C000800041E802024AB1206850E8020F216875
:10B9D00040F0800041E80202002AF5D10020C0B208
:10B9E000B0BD000000000000D0F88830202B1EBF42
:10B9F0000223D8B2704700294FF0010318BF002A74
:10BA000049D001650021A0F85420A0F85620816794
:10BA1000C0F890102121C0F88810426E8168B2F100
:10BA2000005F0AD1B1F5805F04BF016900290FD022
:10BA30004EF22141C0F600010EE0B1F5805F04BF77
:10BA40000169002917D04EF2C931C0F6000116E095
:10BA50004EF24931C0F60001816700BF016851E82C
:10BA6000021F026841F4000142E80213002BF5D1E5
:10BA70000023D8B270474EF2F121C0F60001816771
:10BA8000016851E8001F026841F0800142E800139C
:10BA9000002BF5D10023D8B2704700000000000051
:10BAA000006841F60041C4F20101884208BF03F07A
:10BAB0005BB941F20001C4F20101884201BF40F2CA
:10BAC0008020C2F200400021417170470000000058
:10BAD0007047000000000000FEE7000000000000CA
:10BAE00040F25010C2F200401030704700000000D9
:10BAF000B0B540F2501440F6003000254FF4C87144
:10BB0000C2F20044C2F20040C4E90455C4E906553B
:10BB1000C4E90855C4E90A55F4F74CFC40F69040D6
:10BB20004FF4C871C2F20040F4F744FC2570657010
:10BB3000C4E90155E560B0BD70B52DED088B044634
:10BB4000FBF72EF840F2501594ED008AC2F2004542
:10BB500095ED010A38EE400A85ED070A95ED020AD7
:10BB600094ED019A39EE400A85ED080A95ED030A35
:10BB700094ED021A31EE400A85ED090AB0EE480A4A
:10BB800085ED018A85ED029A85ED031A85ED048A1B
:10BB900085ED059A85ED061A05F0A1F8B3EE04BA15
:10BBA00000200026B4EECB0AB0EE490AF1EE10FAFE
:10BBB000C8BF012085F82E0005F091F8B3EE0E1AEB
:10BBC0000020B4EEC10AF1EE10FAC8BF012085F8DA
:10BBD0002F0040F600302A78C2F2004000EB8201CC
:10BBE00081ED008A40F690416368C2F2004141F85D
:10BBF000223001322A70D2B2642A04D301222E707C
:10BC00006A70642206E06B780BB1642202E0002ABD
:10BC100000F099809FED4D2A00230026B0EE423AB5
:10BC200000EB830401EB8303013693ED000A94EDEE
:10BC3000001AF3B29A4233EE003A32EE012AEFD8FC
:10BC40009FED421A00EE102A00230026B8EEC00A2B
:10BC500083EE003A82EE002AB0EE414A00EB830404
:10BC600001EB8303013693ED005A94ED006AF3B2C1
:10BC70009A4235EE435A36EE426A05EE051A06EE52
:10BC8000064AEBD881EE001A84EE000A30EE018AF3
:10BC9000B0EE480A05F0E4FBB4EE400AF1EE10FA0B
:10BCA00003D0B0EE480A05F0DBFB85ED0A0AB0EEE2
:10BCB000081AB4EEC10AF1EE10FA07DDA8780130D7
:10BCC000A870C0B20A2805D9012001E00020A870A0
:10BCD00085F82D0095ED048AB0EE480A04F0FFFFC8
:10BCE00095ED05AAB0EE409AB0EE4A0A04F0F7FFCF
:10BCF000B4EECB0AF1EE10FAC4BFB4EEC90AF1EE0D
:10BD000010FA07DDB5EEC0AA0320F1EE10FAC8BFA5
:10BD1000042013E0B2EE0E1A0020B4EEC19AF1EE48
:10BD200010FAC4BFB4EEC09AF1EE10FA06DDB5EE1B
:10BD3000C08A0120F1EE10FAC8BF022085F82C005D
:10BD4000BDEC088B70BD95ED0A0AB0E7000000005D
:10BD50000146032984BF0020704740F6A01C01EB78
:10BD60008100C2F2004C0CEB8003002013F8112F6D
:10BD7000002A1FBF187001EB81000CEB8000007CD3
:10BD8000704700000000000040F6A01040F600419F
:10BD90004FF40042C5F60201C2F200400160828009
:10BDA00041614FF4804201F58063A1F54061028357
:10BDB00083628285C1630421A0F840100021C0F88D
:10BDC0000E10C0F80A10C0F80610C0F82210C0F813
:10BDD0001E10C0F81A10C0F83610C0F83210C0F8A3
:10BDE0002E10C0F84A10C0F84610C0F84210704734
:10BDF000B0B5FAF7D5FE40F6A0150446C2F20045EC
:10BE0000A9882868FAF7BCFEB0FA80F14909A9713F
:10BE1000EA7991420BD040B1EC60AA68A21A1E2ABE
:10BE200024BF40F201122A8200E0AC60E971697C13
:10BE30000843000607D1A868201AB0F5487F24BF40
:10BE40004FF481702882298B6869FAF799FEB0FA5D
:10BE500080F14909A976EA7E91420BD040B12C626B
:10BE6000EA69A21A1E2A24BF40F20112AA8400E045
:10BE7000EC61E97695F825100843000607D1E869DA
:10BE8000201AB0F5487F24BF4FF48170A884A98D93
:10BE9000A86AFAF775FEB0FA80F1490985F82E1004
:10BEA00095F82F2091420CD040B16C632A6BA21AF6
:10BEB0001E2A24BF40F201122A8700E02C6385F875
:10BEC0002F1095F839100843000607D1286B201A67
:10BED000B0F5487F24BF4FF481702887B5F8401033
:10BEE000E86BFAF74DFEB0FA80F1490985F8421087
:10BEF00095F8432091420DD048B1AC646A6CA21A07
:10BF00001E2A24BF40F20112A5F84C2000E06C6408
:10BF100085F8431095F84D100843000618BFB0BDD2
:10BF2000686C201AB0F5487F24BF4FF48170A5F8E3
:10BF30004C00B0BD0000000010B540F200444FF4CA
:10BF400080710022C5F602042046FAF721FE204641
:10BF50004FF400710022BDE81040FAF719BE00004E
:10BF6000012888BF704741F6BC71C0F6010151F845
:10BF7000202003A131F8101010460022FAF708BE65
:10BF80000001000200000000012888BF704741F650
:10BF9000BC71C0F6010151F8202003A131F8101046
:10BFA00010460122FAF7F4BD000100020000000073
:10BFB000F0B581B00C46ECB1322840F200064FF0EB
:10BFC000000798BF3220C5F6020645083046012119
:10BFD0000122FAF7DDFD2846FAF7AEFC30460121D2
:10BFE0000022FAF7D5FD2846FAF7A6FC0137F8B289
:10BFF000A042EBD301B0F0BD002001210022C5F624
:10C000000200FAF7C5BD0000002001210022C5F69C
:10C010000200FAF7BDBD0000002001210122C5F693
:10C020000200FAF7B5BD000010B50024012101227D
:10C03000C5F602042046FAF7ABFD4FF4FA70FAF7A2
:10C040007BFC204601210022FAF7A2FD4FF4FA7092
:10C05000FAF772FC204601210122FAF799FD4FF40C
:10C06000FA70FAF769FC204601210022FAF790FDE8
:10C070004FF4FA70FAF760FC204601210122FAF72A
:10C0800087FD4FF4FA70FAF757FC20460121002291
:10C09000FAF77EFD4FF4FA70BDE81040FAF74CBC99
:10C0A00080B582B044F2D8400022C5F60200016893
:10C0B00041F0010101600121006800F001000190E0
:10C0C00001980B20FAF7FCFD0B20FAF7E9FD0C2094
:10C0D00002210022FAF7F4FD0C20FAF7E1FD0E2010
:10C0E00008210022FAF7ECFD0E20FAF7D9FD0F2007
:10C0F00007210022FAF7E4FD0F2002B0BDE88040DE
:10C10000FAF7CEBD000000002DE9F04F87B044F2F1
:10C11000E0404FF0000940F6000401220926012505
:10C12000CDF81890C5F60200C5F60204016841F08A
:10C1300010010160016801F010010191019901688D
:10C1400041F080010160016801F0800101910199D5
:10C15000016841F004010160016801F004010191EE
:10C160000199016841F001010160016801F00101DC
:10C1700001910199016841F002010160016801F03B
:10C18000020101910199016841F008010160092152
:10C19000006800F00800019001982046FAF7F8FCCA
:10C1A000A4F50067012100223846FAF7F1FC204689
:10C1B0004FF4406100224FF4406BFAF7E9FCA4F51C
:10C1C00080684FF4407100224FF4407A4046FAF7FD
:10C1D000DFFCCDE9026502AE0320CDF8109005909A
:10C1E00020463146FAF7F0FB38463146CDE9025594
:10C1F000CDE90499FAF7E8FB04203146CDE90209BC
:10C2000038460495FAF7E0FB4FF4A05004F50067B8
:10C21000314602904FF48810CDE903093846FAF709
:10C22000D3FB4FF480403146CDE9020938460495EE
:10C23000FAF7CAFB4FF440403146CDE9020904F554
:10C2400080600495FAF7C0FB0220CDE902B50495A1
:10C25000314605902046FAF7B7FB40463146CDE916
:10C2600002A5CDE90499FAF7AFFB4FF00060002179
:10C27000FDF7F6F94FF080700021FDF7F1F9282065
:10C2800003210022FAF71CFD2820FAF709FD07B068
:10C29000BDE8F08F0000000070B540F2886443F6FE
:10C2A00000004FF48001002207234FF0007C4FF084
:10C2B000807E4FF080654FF08046C2F20044C4F2A9
:10C2C000000084E80F5004F138002421C4E9065628
:10C2D000C4E90822C4E90A226663F4F76BF8204631
:10C2E000FCF712FA00281CBFBDE87040F8F728BC24
:10C2F00070BD00000000000070B5A2B0002401A8CD
:10C300003421CDE91A44CDE91844CDE91644CDE9EC
:10C310001444CDE91244CDE91044CDE90E44F4F7BC
:10C3200049F840F298700025F02144F61F62C2F2ED
:10C330000040C4F20105C0E90051C0E90242C0E971
:10C3400004448461FDF780FA002818BFF8F7F8FB71
:10C350004FF4805018A9189040F29870C2F2004033
:10C36000FDF766FB002818BFF8F7EAFB40F298706B
:10C37000C2F20040FDF79CFE002818BFF8F7E0FB72
:10C3800040F29870002415A9C2F20040CDE915448E
:10C390001794FDF7E9F9002818BFF8F7D1FB6020E2
:10C3A0001494CDE91244CDE910440EA90022CDE940
:10C3B0000E0440F29870C2F20040FDF725FC002800
:10C3C00018BFF8F7BDFB40F298700EA90822C2F220
:10C3D0000040FDF719FC002818BFF8F7B1FB40F248
:10C3E000987400264FF4005001A90596CDE9036624
:10C3F000CDE90166CDE906064FF00070C2F20044B7
:10C400000996CDE90A0620460D96FDF74DF900285C
:10C4100018BFF8F795FB2196CDE91F66CDE91D669B
:10C420002068A84201D022B070BD44F2E040C5F6B9
:10C430000200016841F0100101601DA9006800F0D0
:10C4400010001C901C984FF408501D9002201E9064
:10C450000020CDE91F000120219041F20000C5F627
:10C460000200FAF7B1FA22B070BD0000000000002F
:10C4700080B540F60C1047F600010C22C2F20040D5
:10C48000C4F2000101604FF4E13141600021C0E9D4
:10C4900002110161C0E90911C0E90711C0E90521D4
:10C4A000FEF7D6FF002818BFF8F74AFB40F60C103D
:10C4B0000021C2F20040FEF76FFC002818BFF8F719
:10C4C0003FFB40F60C100021C2F20040FEF71CFCBE
:10C4D000002818BFF8F734FB40F60C10C2F20040F9
:10C4E000FDF7B2FF00281CBFBDE88040F8F728BB6D
:10C4F00080BD00000000000080B540F6780041F6E5
:10C5000000410C22C2F20040C4F2010101604FF46C
:10C51000E13141600021C0E902110161C0E9091166
:10C52000C0E90711C0E90521FEF792FF002818BFF6
:10C53000F8F706FB40F678000021C2F20040FEF753
:10C540002BFC002818BFF8F7FBFA40F67800002112
:10C55000C2F20040FEF7D8FB002818BFF8F7F0FA47
:10C5600040F67800C2F20040FDF76EFF00281CBFC5
:10C57000BDE88040F8F7E4BA80BD0000000000008C
:10C5800080B540F2E47041F200010C22C2F200409A
:10C59000C4F2010101604FF4E13141600021C0E9C2
:10C5A00002110161C0E90911C0E90711C0E90521C3
:10C5B000FEF74EFF002818BFF8F7C2FA40F2E47009
:10C5C0000021C2F20040FEF7E7FB002818BFF8F791
:10C5D000B7FA40F2E4700021C2F20040FEF794FB8B
:10C5E000002818BFF8F7ACFA40F2E470C2F200403D
:10C5F000FDF72AFF00281CBFBDE88040F8F7A0BA6D
:10C6000080BD000000000000FEE700000000000008
:10C61000FEE700000000000070470000000000007E
:10C620002DE9F0472DED028B40F2504940F22006F3
:10C630008046C2F20049C2F2004699F82400B17A5D
:10C640000130C4B289F824008C421BD296F80BC08A
:10C6500040F2106AC2F2004A9AF812509AF8022088
:10C660009AF8053086F808C0317B6F1EFFB2022FA2
:10C6700071720DD840F20220FF00C0F2040020FACF
:10C6800007F706E0BDEC028BBDE8F047F4F70CB904
:10C690000827F8B2022DB4FBF0F707FB104409D0CD
:10C6A000012D10D120060AF1010018BF0AF1030084
:10C6B000027826E02006F2720AF1040018BF0AF19F
:10C6C000060003781EE0E7B2062F08D8DFE807F07F
:10C6D000040A17120D1015009AF8012011E09AF8BB
:10C6E000012007E09AF803200BE09AF8012006E009
:10C6F0009AF803209AF8043003E09AF803209AF895
:10C700000630F27200EE101AD9B2D0B202EE10CAA0
:10C7100001EE101AB8EE400A03EE100AB8EE411A04
:10C72000B8EE422AB8EE433A337331EE400A33EEA4
:10C73000421A20EE008A01EE018AB0EE480A04F0A7
:10C740008FFEB4EE400AF1EE10FA03D0B0EE480AC4
:10C7500004F086FE9FED111A9AF8110020EE010AEE
:10C7600001EE100AB8EE411A80EE010ABCEEC00AD2
:10C7700010EE100AB0F5967F98BF4FF49670706176
:10C78000002089F8230040F24050C2F20040C0F877
:10C790000080BDEC028BBDE8F08700BF00007A444A
:10C7A000F0B581B044F22C4705460C46C5F60207A9
:10C7B00057F8040C00F00300032801D1012080E0A9
:10C7C00057F82C0C20F0806047F82C0CFAF7E8F9A9
:10C7D000064600BF57F82C0C10F0006F06D0FAF791
:10C7E000DFF9801B0228F5D903206AE057F8040C12
:10C7F00029682B1D4FF47E46002C20F47C3040EA43
:10C80000013047F8040C0FCB06EB412100F2FF107A
:10C8100089B26FF35F2040EA01004FF4FE0101EBA3
:10C82000024101F4FE0140EA01004FF0FE4101EB3C
:10C83000036101F0FE4140EA0100F860386869696F
:10C8400020F0C00040EA010038603868A96920F093
:10C85000200040EA01004FF6F8713860386820F097
:10C8600010003860386920EA0100E96940EAC10037
:10C870003861386840F01000386008D04FF400107C
:10C88000012C08BF4FF480103968084302E0386873
:10C8900040F40020386057F82C0C40F0806047F8D6
:10C8A0002C0CFAF77DF9044657F82C0C10F0006FA9
:10C8B00006D1FAF775F9001B0328F5D3032000E031
:10C8C0000020C0B201B0F0BDF0B581B044F22C47F9
:10C8D00005460C46C5F6020757F8040C00F00300A5
:10C8E000032801D1012080E057F82C0C20F0805063
:10C8F00047F82C0CFAF754F9064600BF57F82C0CF1
:10C9000010F0005F06D0FAF74BF9801B0228F5D92A
:10C9100003206AE057F8040C29682B1D4FF47E466B
:10C92000002C20F07C7040EA015047F8040C0FCB3B
:10C9300006EB412100F2FF1089B26FF35F2040EA5D
:10C9400001004FF4FE0101EB024101F4FE0140EA57
:10C9500001004FF0FE4101EB036101F0FE4140EAAE
:10C96000010078613868696920F4406040EA01009C
:10C9700038603868A96920F4007040EA01004FF679
:10C98000F8713860386820F480703860B86920EA3F
:10C990000100E96940EAC100B861386840F480707C
:10C9A000386008D04FF08070012C08BF4FF40000B1
:10C9B0003968084302E0386840F48000386057F86E
:10C9C0002C0C40F0805047F82C0CFAF7E9F804469C
:10C9D00057F82C0C10F0005F06D1FAF7E1F8001BB5
:10C9E0000328F5D3032000E00020C0B201B0F0BD61
:10C9F00040F28860C2F20040FBF76ABD0000000010
:10CA0000016840F26F32D1F814C08B6943F008031B
:10CA10001CF0200F8B618B6943F010038B610B6856
:10CA200023F001030B600B6923EA02020A618A68A2
:10CA300022F440428A6090F8813018BF042B09D05C
:10CA4000D0F8842042F08002C0F884208A6942F045
:10CA500020028A6190F881305FEA4C620BD5032B8B
:10CA600009D0D0F8842042F00402C0F884208A69FA
:10CA700042F040028A615FEA8C5209D5D0F88420E6
:10CA800042F00102C0F884208A6942F400728A618F
:10CA90005FEACC5209D5D0F8842042F00802C0F8F1
:10CAA00084208A6942F480728A610021A0F86210B1
:10CAB000A0F86A1070470000806B0021A0F86A108F
:10CAC000A0F86210012180F88110FBF7CDBC0000B6
:10CAD00010B5846BF8F7F4FB022808BF10BD2046A0
:10CAE000FFF78EFFD4F8840040F01000C4F88400F3
:10CAF000012084F881002046BDE81040FBF7B4BC5B
:10CB0000806BFCF7A9BD0000806B90F881100729AD
:10CB100008BF7047816FC969B1F5807F08BFFCF716
:10CB200097BD0068016941F008010161704700008C
:10CB3000704700000000000010B540F6A46440F209
:10CB400098700821C2F20040C2F20044C4E900001B
:10CB5000FDF78EFB60680021FDF78AFB2068002846
:10CB60001EBF006840F2DC51C163606800281EBF30
:10CB7000006840F2DC51416310BD0000000000007D
:10CB800001282AD840F6A462C2F2004252F82020BE
:10CB9000002A08BF7047B4294FF4FA6328BF6FF02A
:10CBA0004B0112680028C9B211FB03F146F6174386
:10CBB0004FEA9101C1F2C163A1FB03134FF4FA7173
:10CBC00001EB930106D0012814BF02F15C0002F1D1
:10CBD000340001E002F13C000160704700000000F9
:10CBE0002DE9F047F9F7DCFF40F2405A0446C2F263
:10CBF000004ADAF8080020B1201A002801DABDE85E
:10CC0000F08740F250450020C2F20045CAF8080003
:10CC1000287E0628F3D8DFE810F0070043008600DE
:10CC2000DF0032018201B301022096216422F7F76E
:10CC3000CBFEFFF7F1F94FF0010801205A214FF028
:10CC40005A0985F81480FFF79BFF40F22007002067
:10CC50001E210026C2F2004787F807904FF01E09F8
:10CC6000FFF78EFFFF202F2187F8069001F030FD9F
:10CC700004F5FA602C6685F8256085F8266085F84D
:10CC80002760EE732E746E74AE74EE74CAF80C40A6
:10CC900087F80F9085F81880CAF80800BDE8F0877B
:10CCA000DAF80C00201A6428A9D340F22008CAF848
:10CCB0000C40C2F2004898F80F70952F9CBF0137C6
:10CCC00088F80F70F8B20A2898BF0A27F8B2AA2885
:10CCD0004FF0000028BF6FF05507F9B2FFF750FF83
:10CCE000032088F80670FFF733F8012804BF95F891
:10CCF000250000280ED198F80F006421002285F845
:10CD00002600012085F82500E87B0130E87301202A
:10CD1000F7F75AFE98F80F009628FFF470AF02203C
:10CD2000287696209BE0DAF80C00201A6428FFF49D
:10CD300066AF40F22008CAF80C40C2F2004898F8EA
:10CD40000F701F2F24BF013F88F80F70F8B20A2818
:10CD500098BF0A27F8B2AA284FF0000028BF6FF04A
:10CD60005507F9B2FFF70CFF032088F80670FEF7AD
:10CD7000EFFF012804BF95F8250000280ED198F890
:10CD80000F006421002285F82700012085F8250086
:10CD9000E87B0130E8730120F7F716FE98F80F00E2
:10CDA0001E283FF62CAF95F8260000281CBF95F8EA
:10CDB0002710002900F0108188420A464FF00A0728
:10CDC00038BF02462A7488BF01465018697441086A
:10CDD0000A2988BF470807E1DAF80C00201A6428FE
:10CDE000FFF40DAF40F22008CAF80C40C2F2004830
:10CDF00098F80F70862F9CBF013788F80F70F8B233
:10CE00000A2898BF0A27F8B2AA284FF0010028BFC5
:10CE10006FF05507F9B2FFF7B3FE032088F80770EB
:10CE2000FEF796FF012804BF95F8250000280ED1D3
:10CE300098F80F006421002285F82600012085F86B
:10CE40002500E87B0130E8730120F7F7BDFD98F875
:10CE50000F008728FFF4D3AE04202876872088F8B7
:10CE60000F000020302185F82500FF2001F030FC64
:10CE700004F596602C66CAE90204BDE8F087DAF88A
:10CE80000C00201A642838BFBDE8F087CAF80C40AF
:10CE900040F22004C2F20044E67B4C2E24BF013E47
:10CEA000E673F0B20A2898BF0A26F0B2AA284FF01B
:10CEB000010028BF6FF05506F1B2FFF761FE0320B5
:10CEC000E671FEF745FF012804BF95F8250000280C
:10CED0000DD1E07B6421002285F82700012085F830
:10CEE0002500E87B0130E8730120F7F76DFDE07B5A
:10CEF0004B283FF684AE95F8260000281CBF95F815
:10CF00002710002907D088420A4638BF0246AA7473
:10CF100088BF0146E97405202876BDE8F087E87BE4
:10CF2000042814D3287C00281CBF697C00290ED05B
:10CF3000AA7C002A1CBFEB7C002B08D00F1A07F03C
:10CF4000FE070A2F03D39F1AFFB2042F76D8FFF7EC
:10CF50005BF80026FF2031212E7501F0B9FB04F6A5
:10CF6000C4102C662E7685F8256085F8266085F835
:10CF70002760C5F80F60EE74CAF80800BDE8F087B6
:10CF800000242C76EC73FFF73FF800202C75FEF799
:10CF9000E7FF00205A216C755A26FFF7F1FD40F299
:10CFA000200701205A21C2F20047BE71FFF7E8FDB9
:10CFB00006206C66AC766C63AC70EC702C71EC7215
:10CFC000FE718AF8704028700C20A8712C726C7267
:10CFD000EC646C73BDE8F08740F21060C2F2004070
:10CFE00087780A2F98BF0A27AA2F4FF0000028BF82
:10CFF0006FF05507F9B2FFF7C3FD03204B264B2115
:10D0000088F806702876012088F80F60FFF7B8FDD1
:10D0100000209621642288F8076085F82500E884BE
:10D020000220F7F7D1FCFF202F2101F051FB04F281
:10D03000DC502C66CAE90204BDE8F08740F2200704
:10D0400040F21066C2F20047C2F2004638707070BB
:10D050000844F1707970BA70FB704008B07098188D
:10D060003271B37140087071FEF7CEFF4FF00008C7
:10D0700000205A215A2685F81480FFF781FD0120EF
:10D080005A21BE71FFF77CFDFF200921FE7101F0DE
:10D090001FFB06202C66287604F6C41085F8258030
:10D0A000CAF808001020A871BDE8F0870000000051
:10D0B000F9F77EBD0000000010B59CB009A84C2116
:10D0C000F3F778F900240220CDE90744CDE90544BF
:10D0D000CDE90344CDE90144F9F736FE44F61800E2
:10D0E0000094C5F60200016821F440410160016826
:10D0F00001F4404100910099016811F4005FFBD0F8
:10D1000001204FF480312822002409900A91022145
:10D11000CDE912111491CDE915200C20CDE917119C
:10D12000199009A8CDE91A44FAF7FAFE18B1EFF3FD
:10D13000108072B6FEE73F204FF48061019003201B
:10D14000CDE90204082004904020CDE90500CDE996
:10D15000071001A80321FAF74FFC002804BF1CB0F8
:10D1600010BDEFF3108072B6FEE700000000000073
:10D170004EF6885042F2000CCEF20000C5F2002CB0
:10D18000016841F4700101604EF67F50DCF8001038
:10D19000CEF6F62001F00F0106299FBFDCF8001043
:10D1A000072262F30301CCF8001044F20041C5F6F7
:10D1B00002010A6842F001020A6000220A610B685B
:10D1C00018400860DCF8000010F0080F1FBFDCF802
:10D1D0000000072363F30300CCF800008A61CA61F2
:10D1E0000A6240F20020C0F2022088620020C0F2F1
:10D1F000FF10C86240F28020C0F2011008634A6349
:10D200008863CA6308644A64086820F48020086060
:10D210000A664FF4005043F2D2014CF800107047F8
:10D2200040F60C10C2F20040FDF7CABE000000003C
:10D23000816A11F0080F38D1CA0741D18A074AD450
:10D240004A0753D4CA065CD48A0608D50268936894
:10D25000D0F840C023F4005343EA0C03936080B538
:10D260004A0615D5D0F800E0DEF804C0436C2CF473
:10D270008012B3F5801F42EA0302CEF8042007D1E2
:10D28000DEF80420836C22F4C0021A43CEF8042096
:10D290000906BDE8804058BF704701684A68C06C05
:10D2A00022F4002210434860704702685368D0F8A7
:10D2B00038C023F4004343EA0C035360CA07BDD0CF
:10D2C00002685368D0F82CC023F4003343EA0C03FF
:10D2D00053608A07B4D502685368D0F830C023F48D
:10D2E000803343EA0C0353604A07ABD502685368A6
:10D2F000D0F834C023F4802343EA0C035360CA06F9
:10D30000A2D502689368D0F83CC023F4805343EA66
:10D310000C0393608A0699D4A1E700000000000086
:10D32000B0B582B004460020C4F89000F9F738FC8C
:10D3300005462068016811F0080F1BD06FF07E4091
:10D340004FF4001100222B460090204601F0A4F873
:10D3500078B100BF206850E8000F216820F08000FD
:10D3600041E80002002AF5D12020C4F888000320FB
:10D3700031E02068006810F0040F24D06FF07E4088
:10D380004FF4800100222B460090204601F084F8E3
:10D39000C8B100BF206850E8000F216820F49070E9
:10D3A00041E80002002AF5D1206850E8020F216808
:10D3B00020F0010041E80202002AF5D12020C4F843
:10D3C0008C00032007E02020C4F88800C4F88C00FB
:10D3D0000020E06620670021C0B284F8841002B00B
:10D3E000B0BD000000000000806B0021A0F85E10BE
:10D3F000FDF7CABD00000000806BD0F88810D0F89F
:10D400008CC002689368212920D113F080011DD0BF
:10D410000021A0F8561052E8001F02E0016851E810
:10D42000001F026821F0C00142E80013002BF5D173
:10D43000016851E8021F026821F4000142E802136A
:10D44000002BF5D12021C0F8881002689368BCF148
:10D45000220F35D113F0400132D00021A0F85E1028
:10D4600052E8001F03E000BF016851E8001F026896
:10D4700021F4907142E80013002BF5D14FF6FE7CA9
:10D48000CEF6FF7C026852E8022F036802EA0C0223
:10D4900043E802210029F5D1C16E01290AD100BF5C
:10D4A000016851E8001F026821F0100142E80013F2
:10D4B000002BF5D12021C0F88C100021C1664167F6
:10D4C000D0F8901041F01001C0F89010FDF75CBD4D
:10D4D000C169806BB1F5807F02D100F16C0C33E043
:10D4E0000021A0F85E1000BF016851E8001F02682B
:10D4F00021F4807142E80013002BF5D1016851E856
:10D50000021F026821F0010142E80213002BF5D14D
:10D51000016851E8021F026821F0400142E802134D
:10D52000002BF5D120218446C0F88C105CF86C2FBC
:10D53000012A09D1026852E8002F036822F0100284
:10D5400043E800210029F5D100210167DCF8001033
:10D55000012918BFFEF7F4B8B0F85C10FCF7C8BF9B
:10D56000806B01210167C16E012918BFFEF724B944
:10D57000B0F85C104908FCF7BBBF000000000000D9
:10D58000C169806BB1F5807F08BFFEF789BA0021C1
:10D59000A0F85610016851E8021F026821F08001CE
:10D5A00042E80213002BF5D1016851E8001F026820
:10D5B00041F0400142E80013002BF5D17047000014
:10D5C000806BFEF785BA0000B0F86020D0F88C3090
:10D5D0000168222B5DD14B6A1A40836D23F8022B20
:10D5E0008365B0F85E20013AA0F85E20B0F85E20B6
:10D5F000002A18BF704700E0016851E8001F026868
:10D6000021F4907142E80013002BF5D1016851E834
:10D61000021F026821F0010142E80213002BF5D13C
:10D62000202140F60042C0F88C100021C5F600020F
:10D6300041670167016891420ED04A6812F4000FF9
:10D6400001D109E0016851E8001F026821F0806102
:10D6500042E80013002BF5D1C16E012918BFFEF777
:10D660006FB80021C16600BF016851E8001F026861
:10D6700021F0100142E80013002BF5D10168CA69BE
:10D6800012F0100F1CBF10220A62B0F85C10FCF7F9
:10D690002FBF886940F008008861704700000000D3
:10D6A0002DE9F04F81B004462168B4F86050CF698D
:10D6B00008688A68D4F88C30222B40F0A680B4F831
:10D6C0006810002900F0AB8002F0010600F48078B9
:10D6D0004FF000094FF0020B4FF0010AB80640F17D
:10D6E0009E802068416AA26D294022F8021BA26533
:10D6F000B4F85E100139A4F85E10C76917F0070F7F
:10D700002ED0B8F1000F0AD017F001011FBFC0F8EA
:10D7100020A0D4F8901041F00101C4F8901056B147
:10D7200017F002011FBFC0F820B0D4F8901041F0EC
:10D730000401C4F890105EB117F004011FBF04216A
:10D740000162D4F8900040F0020018BFC4F89000C5
:10D75000D4F8900020B12046FDF716FCC4F8909054
:10D76000B4F85E000028B9D1206850E8000F2168A5
:10D7700020F4807041E80002002AF5D14FF6FE70D7
:10D78000CEF6FF70216851E8021F2268014042E88E
:10D790000213002BF6D1202040F60041C4F88C0083
:10D7A0000020C5F6000160672067206888420FD01E
:10D7B000416811F4000F02D10AE000BF206850E870
:10D7C000000F216820F0806041E80002002AF5D1B6
:10D7D000E06E012820D10020E06600BF206850E8FC
:10D7E000000F216820F0100041E80002002AF5D166
:10D7F0002068C16911F0100F1CBF10210162204682
:10D80000B4F85C10FCF774FE09E0886940F0080089
:10D81000886101B0BDE8F08F2046FDF791FFB4F8B4
:10D820005E00E8B1B4F86810884219D2206850E868
:10D83000020F216820F0805041E80202002AF5D151
:10D840004DF2C950C0F60000606700BF206850E884
:10D85000000F216840F0200041E80002002AF5D1C5
:10D8600001B0BDE8F08F0000B0F86020D0F88C3037
:10D870000168222B5DD1496A1140826D1170816D62
:10D8800001318165B0F85E100139A0F85E10B0F882
:10D890005E10002918BF7047016851E8001F026838
:10D8A00021F4907142E80013002BF5D1016851E892
:10D8B000021F026821F0010142E80213002BF5D19A
:10D8C000202140F60042C0F88C100021C5F600026D
:10D8D00041670167016891420ED04A6812F4000F57
:10D8E00001D109E0016851E8001F026821F0806160
:10D8F00042E80013002BF5D1C16E012918BFFDF7D6
:10D900001FBF0021C16600BF016851E8001F026807
:10D9100021F0100142E80013002BF5D10168CA691B
:10D9200012F0100F1CBF10220A62B0F85C10FCF756
:10D93000DFBD886940F00800886170470000000082
:10D940002DE9F04F81B004462168B4F86050CF69EA
:10D9500008688A68D4F88C30222B40F0A880B4F88C
:10D960006810002900F0AD8002F0010600F4807A12
:10D970004FF000084FF0020B4FF00109B80640F1DC
:10D98000A0802068406AA16D28400870A06D013019
:10D99000A065B4F85E000138A4F85E002068C7698D
:10D9A00017F0070F2ED0BAF1000F0AD017F00101BF
:10D9B0001FBFC0F82090D4F8901041F00101C4F8C6
:10D9C000901056B117F002011FBFC0F820B0D4F874
:10D9D000901041F00401C4F890105EB117F00401FA
:10D9E0001FBF04210162D4F8900040F0020018BF6C
:10D9F000C4F89000D4F8900020B12046FDF7C4FA96
:10DA0000C4F89080B4F85E000028B7D1206850E8D0
:10DA1000000F216820F4807041E80002002AF5D14F
:10DA20004FF6FE70CEF6FF70216851E8021F2268A3
:10DA3000014042E80213002BF6D1202040F60041BD
:10DA4000C4F88C000020C5F60001606720672068DC
:10DA500088420FD0416811F4000F02D10AE000BFE4
:10DA6000206850E8000F216820F0806041E8000243
:10DA7000002AF5D1E06E012820D10020E06600BF29
:10DA8000206850E8000F216820F0100041E80002F3
:10DA9000002AF5D12068C16911F0100F1CBF1021B8
:10DAA00001622046B4F85C10FCF722FD09E08869A9
:10DAB00040F00800886101B0BDE8F08F2046FDF716
:10DAC0003FFEB4F85E00E8B1B4F86810884219D29D
:10DAD000206850E8020F216820F0805041E80202DF
:10DAE000002AF5D14DF66900C0F60000606700BF5E
:10DAF000206850E8000F216840F0200041E8000253
:10DB0000002AF5D101B0BDE8F08F00000000000050
:10DB10002DE9F04186B0044644F2004E4FF2FF4634
:10DB200044F2544749F2000C2168A068D4E9042368
:10DB3000E569C5F6020EC1F2FF16C5F60207C0F28E
:10DB4000D03C10430A68184346F6F313CCF6FF7333
:10DB500028431A40AEF50E331043994208604868D6
:10DB6000E26820F4405040EA02004860A0691CBF0F
:10DB7000226A10438A6832408026104347F6FF32FB
:10DB80008860C4F20002C86AD4F82480914220F070
:10DB90000F0040EA0800C86240F60010C0F23D00E5
:10DBA00029DD41F2FF72C4F2010291424CDC47F6DA
:10DBB0000042C4F20002914200F0258141F20002CD
:10DBC000C4F20102914200F02E8141F20042C4F2FF
:10DBD0000102914240F077803A68C2F3C207052FF4
:10DBE00000F26F810126DFE817F06E0067019901EE
:10DBF0009E01A301A80144F6FF32C4F20002914243
:10DC000045DD44F60042C4F20002914200F0188162
:10DC100045F20002C4F20002914200F01D8147F675
:10DC20000002C4F2000291424DD13A6802F00707A7
:10DC3000052F00F246810026DFE817F045003E017F
:10DC4000700175017A017F0141F60002C4F2010200
:10DC5000914200F00D8141F60042C4F2010291426E
:10DC600000F0128140F60042C5F6000291422AD12E
:10DC70007A6802F00707052F00F223810226DFE809
:10DC800017F022001B014D01520157015C0144F2C3
:10DC90000042C4F20002914200F0028144F6000208
:10DCA000C4F2000291420ED13A6802F00707052F34
:10DCB00000F207810026DFE817F00600FF003101BF
:10DCC00036013B014001994200F0FF800121B5F58A
:10DCD000004F40F04C80402E00F20782DFE816F043
:10DCE00041004F010502050253010502050205022C
:10DCF0005B01050205020502050205020502050297
:10DD0000630105020502050205020502050205027E
:10DD100005020502050205020502050205020502CB
:10DD2000C6010502050205020502050205020502FB
:10DD300005020502050205020502050205020502AB
:10DD4000050205020502050205020502050205029B
:10DD5000050205020502050205020502050205028B
:10DD60006A01F9F7C9FF002840F0128119E1402E3D
:10DD700000F2BB81DFE816F041002101B901B901D1
:10DD80002501B901B901B9012D01B901B901B901E3
:10DD9000B901B901B901B9013501B901B901B90137
:10DDA000B901B901B901B901B901B901B901B901A3
:10DDB000B901B901B901B901A001B901B901B901AC
:10DDC000B901B901B901B901B901B901B901B90183
:10DDD000B901B901B901B901B901B901B901B90173
:10DDE000B901B901B901B901B901B901B901B90163
:10DDF000B901B901B901B9013C01F9F77DFF00286A
:10DE000040F0E480EBE03A6802F00707052F00F2EB
:10DE100058800026DFE817F00600500082008700D7
:10DE20008C0091004FE73A68C2F3C207052F00F259
:10DE300048800126DFE807F0034072777C8142E7E3
:10DE40003A6802F00707052F3BD80026DFE807F005
:10DE50000334666B707536E73A6802F00707052FE2
:10DE60002FD80026DFE807F003285A5F64692AE705
:10DE70003A68C2F3C207052F23D80126DFE807F06E
:10DE8000031C4E53585D1EE73A68C2F3C207052FC4
:10DE900017D80126DFE807F0031042474C5112E77C
:10DEA0003A6802F00707052F0BD80026DFE807F0D5
:10DEB0000304363B404506E7042699427FF406AF4B
:10DEC00003E0802699427FF401AFB31E01211E2B8F
:10DED00038D8DFE813F01F000A013D000A010A01EB
:10DEE0000A0145000A010A010A010A010A010A01A0
:10DEF0000A014D000A010A010A010A010A010A0188
:10DF00000A010A010A010A010A010A010A010A01B9
:10DF10000A019600F8F740FFF8B927E00826994271
:10DF20007FF4D4AED1E7102699427FF4CFAECCE790
:10DF3000202699427FF4CAAEC7E7402699427FF473
:10DF4000C5AEC2E7402E40F0D0804FF4004058E00C
:10DF500003A8F8F735FF049840B1D4F8248050E0C6
:10DF60006846F8F7E5FF01980028F6D10021BCE0EB
:10DF7000DEF8000010F0200F3DD1604641E0F9F7D7
:10DF8000EBFE28B90DE003A8F8F71AFF049840B19A
:10DF9000D4F824806AE06846F8F7CAFF01980028A0
:10DFA000F6D10021A1E0DEF8000010F0200F57D1DB
:10DFB00060465BE04FF4004058E0F9F7CDFE28B929
:10DFC0000DE003A8F8F7FCFE049840B1D4F82480D3
:10DFD00072E06846F8F7ACFF01980028F6D10021FE
:10DFE00083E0DEF8000010F0200F5FD1604663E0B0
:10DFF0004FF4004060E0DEF80000C0F3C1002CFAEE
:10E0000000F041F68C716568C0F6010131F8182006
:10E01000012105EB4507B0FBF2F3BB4265D32F03AB
:10E02000BB4262D800210023F2F76CF909022A46AC
:10E03000002341EA1061000210EB550041F100019C
:10E04000F2F760F94FF6FF42A0F54071C0F20F02FF
:10E05000914203D82168C860002146E0012144E0D4
:10E06000DEF80000C0F3C1002CFA00F041F68C711C
:10E07000C0F6010131F81810B0FBF1F061684A08F0
:10E0800002EB40004FF6EF72B0FBF1F0A0F110018F
:10E09000914209D84FF6F0710140C0F342000843A5
:10E0A0002168C860002120E001211EE0DEF80000A8
:10E0B000C0F3C1002CFA00F041F68C714FF6EF72FC
:10E0C000C0F6010131F81810B0FBF1F0616800EB07
:10E0D0005100B0FBF1F0A0F11001914204D8216889
:10E0E00080B2C860002100E001210120A4F86A008C
:10E0F000A4F868000020C4E91D00084606B0BDE889
:10E10000F081000000000000B0B5134604460A4646
:10E1100000252220A265A4F85C30C4F89050C4F811
:10E120008C00D4F88000E0B14DF2D14C4DF2615E2C
:10E130004DF2F931C0F6000CC0F6000EC0F6000139
:10E14000C0E90FCEC0E9131521682431F8F7C0F8F3
:10E1500038B11020C4F890002020C4F88C000120B1
:10E16000B0BD206950B100BF206850E8000F2168A1
:10E1700040F4807041E80002002AF5D1206850E8A0
:10E18000020F216840F0010041E80202002AF5D1A7
:10E19000206850E8020F216840F0400041E8020288
:10E1A000002AF5D10020B0BD81650021A0F85C20D7
:10E1B000A0F85E204167816871B1B1F1805F13D032
:10E1C000B1F5805F18D10169FF23002908BF40F233
:10E1D000FF13A0F8603012E001697F23002908BF17
:10E1E000FF23A0F860300AE001693F23002908BF3F
:10E1F0007F23A0F8603002E00021A0F86010002129
:10E20000C0F890102221C0F88C1000BF016851E8BE
:10E21000021FD0F800C041F001014CE80213002BAE
:10E22000F4D1436E8168B3F1005F03D1B0F8683078
:10E2300093421CD90269B1F5805F06D112B34DF645
:10E240006901C0F60001416706E04DF66901002A48
:10E25000C0F6000141671BD0016851E8001F026849
:10E2600041F4907142E80013002BF5D13CE00269C3
:10E27000B1F5805F17D142B34DF64111C0F60001F0
:10E28000416717E04DF2C951C0F60001416700BF78
:10E29000016851E8001F026841F0200142E80013C4
:10E2A000002BF5D120E04DF64111002AC0F6000107
:10E2B00041670FD0016851E8001F026841F4807186
:10E2C00042E80013002BF5D104E04DF2A161C0F645
:10E2D00000014167016851E8021F026841F0805166
:10E2E00042E80213002BF5D1002070470000000027
:10E2F000D0F88810212918BF7047B0F8561069B1BE
:10E30000026D016832F8023B6FF35F238B62026596
:10E31000B0F856100139A0F856107047016851E85E
:10E32000001F026821F0800142E80013002BF5D1A4
:10E33000016851E8001F026841F0400142E8001303
:10E34000002BF5D17047000080B5D0F88810212946
:10E3500036D1B0F86A10002908BF80BD4FF6FF7CA7
:10E36000B0F85630C3B10368DA6912F0800F0DD0EF
:10E37000D0F850E03EF8022B6FF35F229A62C0F8AB
:10E3800050E0B0F85620013AA0F85620013911EAC1
:10E390000C0FE5D114E000BF016851E8021F0268CC
:10E3A00021F4000142E80213002BF5D1016851E885
:10E3B000001F026841F0400142E80013002BF5D134
:10E3C00080BD000000000000D0F88810212918BF8F
:10E3D0007047B0F8561059B1026D016812F8013B50
:10E3E0008B620265B0F856100139A0F856107047DC
:10E3F000016851E8001F026821F0800142E8001323
:10E40000002BF5D1016851E8001F026841F040017E
:10E4100042E80013002BF5D1704700000000000017
:10E4200080B5D0F88810212934D1B0F86A100029BD
:10E4300008BF80BD4FF6FF7CB0F85630B3B103681B
:10E44000DA6912F0800F0BD0D0F850E01EF8012BE3
:10E450009A62C0F850E0B0F85620013AA0F8562071
:10E46000013911EA0C0FE7D114E000BF016851E84F
:10E47000021F026821F4000142E80213002BF5D1CB
:10E48000016851E8001F026841F0400142E80013B2
:10E49000002BF5D180BD00002DE9F04381B004468A
:10E4A0000D461E462068C1692940491BB1FA81F119
:10E4B0004F09974213D1DDF82090B9F1000F10D029
:10E4C00019F1010111D100BFC1692940491BB1FAFD
:10E4D00081F1490991EA070FF6D000202CE00020D5
:10E4E0002AE0F8F75DFB032026E04FF6FE78CEF633
:10E4F000FF7800BFF8F754FB801B48451BD8206805
:10E50000016811F0040F18BF802D09D0402D07D0ED
:10E51000C16911F0080F13D1C16911F4006F42D124
:10E52000C0692840401BB0FA80F0400990EA070F0C
:10E53000E0D0002000E00320C0B201B0BDE8F083CD
:10E540000821016201E000BF206850E8000F216847
:10E5500020F4907041E80002002AF5D1206850E8CC
:10E56000020F216800EA080041E80202002AF5D102
:10E57000E06E01280AD100BF206850E8000F216832
:10E5800020F0100041E80002002AF5D120200821E7
:10E59000C4F88C000020E0666067C4F8901084F82E
:10E5A00084000120C8E74FF40061016201E000BF70
:10E5B000206850E8000F216820F4907041E80002C4
:10E5C000002AF5D1206850E8020F216800EA08000F
:10E5D00041E80202002AF5D1E06E01280AD100BF0D
:10E5E000206850E8000F216820F0100041E8000288
:10E5F000002AF5D120200021C4F88C00E166616773
:10E60000C4F89000032084F8841095E7000000000F
:10E6100040F67800C2F20040FCF7D2BC00000000D7
:10E6200040F2E470C2F20040FCF7CABC00000000F7
:10E63000FEE700000000000040F280110020C2F25E
:10E6400000414A78012A08D148708878002802BF22
:10E65000C878C0B2704760F07F00C0B27047000059
:10E6600040F28010C2F20040407970470000000084
:10E6700040F28010C2F20040C06870470000000005
:10E6800040F28010C2F200400079704700000000A4
:10E69000B0B540F2801440F60C150020C2F20044E0
:10E6A000C2F20045A56020706070C820F8F744F9F8
:10E6B0002868016841F0200101605220F8F7F0FA63
:10E6C000A06804F110010122BDE8B040FDF704B8D4
:10E6D00070B582B040F280160C460546C2F2004684
:10E6E00035717471F8F75CFAF060B06880B145F28A
:10E6F000AA5105226423ADF80310FB218DF80550C3
:10E700008DF806408DF807100DF10301FDF758F85C
:10E7100002B070BD0000000010B540F2F014C2F26B
:10E7200000442078012818BF10BD60889FED150AAD
:10E730009FED152A01EE100AB8EE411A21EE000AEB
:10E740009FED121A30EE000A80EE020A30EE010A46
:10E7500002F0BEFD9FED0E1AB7EE002A0020002247
:10E7600030EE020A20EE010ABCEEC00A10EE101ACA
:10E7700000F07AF86088013081B2632988BF0020F8
:10E78000608010BDD00F49400000C842F90FC9BFDA
:10E790000000FF420000000070B5B4B006ACB0212C
:10E7A00004F10800F1F706FE00254FF480400795BC
:10E7B00006904FF0A04031902046F8F771FC44F2EB
:10E7C000E04041F20044C5F60200C5F6000441698C
:10E7D00041F020014161416901F02001019101995D
:10E7E000016841F00101016001A9006800F0010029
:10E7F00001900198A02001900220CDE9020503209C
:10E8000004900820059004F5F630F8F7DDF840F2A2
:10E8100010704FF480014FF4003207234FF0807CDA
:10E820004FF0806E4FF08056C2F20040C0E90041C8
:10E8300000F1080181E82C504FF08041C0E90765E4
:10E84000C0E909554163F9F75FFF40F2F01001217B
:10E850000022C2F2004001700020002100F004F804
:10E8600034B070BD0000000040F2F013C2F200436B
:10E870001B78012B18BF704770B588B0002311F0CA
:10E88000010F4FF0600640F210748DF8073018BF8A
:10E89000782610F0010F4FF06003C2F200448DF8AB
:10E8A0000F604FF0600618BF782612F0010F8DF848
:10E8B00017604FF0600618BF782611F0020F8DF830
:10E8C0001F604FF0600618BF782610F0020F8DF819
:10E8D0000E604FF0600618BF782612F0020F8DF818
:10E8E00016604FF0600618BF782611F0040F8DF8FF
:10E8F0001E604FF0600618BF782610F0040F8DF8E8
:10E900000D604FF0600618BF782612F0040F8DF8E6
:10E9100015604FF0600618BF782611F0080F8DF8CB
:10E920001D604FF0600618BF782610F0080F8DF8B4
:10E930000C604FF0600618BF782612F0080F8DF8B3
:10E9400014604FF0600618BF782611F0100F8DF894
:10E950001C604FF0600618BF782610F0100F8DF87D
:10E960000B604FF0600618BF782612F0100F8DF87C
:10E9700013604FF0600618BF782611F0200F8DF855
:10E980001B604FF0600618BF782610F0200F8DF83E
:10E990000A604FF0600618BF782612F0200F8DF83D
:10E9A00012604FF0600618BF782611F0400F8DF806
:10E9B0001A604FF0600618BF782610F0400F8DF8EF
:10E9C00009604FF0600618BF782612F0400F8DF8EE
:10E9D00011604FF0600618BF782611F0800F4FF0DD
:10E9E00060018DF8196018BF782110F0800F4FF08A
:10E9F00060004FF064068DF8081018BF782012F000
:10EA0000800F02A94FF018028DF8100018BF78236C
:10EA100020468DF818306423FAF70AF80DF107053F
:10EA20002046294601226423FAF702F8013EF7D175
:10EA300008B0BDE87040704740F20020C2F20040CC
:10EA40008169006A0844704740F20020C2F2004029
:10EA5000406A70470000000040F20020C2F200400F
:10EA6000C06970470000000040F20020C2F2004080
:10EA7000406970470000000070B540F620648421B2
:10EA8000C2F200442046F1F795FC40F6AC608421C8
:10EA9000C2F20040F1F78EFC41F2F0204FF4047115
:10EAA000C2F20040F1F786FC40F2E0302C21C2F2C5
:10EAB0000040F1F77FFC40F2002500262821C2F239
:10EAC000004505F158002E706E70AE70EE702E612C
:10EAD0006E61AE61EE612E626E62AE622E716E711B
:10EAE000AE71EE712E726E72AE72EE62EE722E63C7
:10EAF0006E63F1F75FFC40F6F820C5E90E66C5E9E4
:10EB0000106621468422C2F20040C0E90066AE8150
:10EB100040F67805C2F200452846FBF7B1FC002814
:10EB200076D1D5F88000002808BF70BD006840F29B
:10EB30000F426FF00801C4F20202904210DC6F2213
:10EB4000C4F20202904220DC3F22C4F20202904250
:10EB500036DC1022C4F20202904256D028224EE047
:10EB600040F26F42C4F2020290421ADC40F23F428D
:10EB7000C4F2020290422ADC40F21042C4F20202C5
:10EB8000904242D040F2284239E09F22C4F2020271
:10EB9000904225DC7022C4F20202904235D08822D5
:10EBA0002DE040F29F42C4F2020290421FDC40F28C
:10EBB0007042C4F20202904227D040F288421EE026
:10EBC0004022C4F2020290421FD0582217E040F2C5
:10EBD0004042C4F20202904217D040F258420EE086
:10EBE000A022C4F2020290420FD0B82207E040F205
:10EBF000A042C4F20202904207D040F2B842C4F2EE
:10EC00000202904218BF6FF00401026811400160D7
:10EC100070BD000000000000B0B540F200250024E7
:10EC2000C2F20045686940B1F7F7BAFFA96A401A15
:10EC300040F6B931884238BF01242046B0BD0000FB
:10EC400010B540F2002040F678040021C2F20040E6
:10EC5000C2F20044C17001612046FCF749F9204628
:10EC6000FCF7EAF840F6206120468422C2F2004117
:10EC7000FBF706FC002876D1D4F88000002808BFF6
:10EC800010BD006840F20F426FF00801C4F20202AA
:10EC9000904210DC6F22C4F20202904220DC3F223C
:10ECA000C4F20202904236DC1022C4F20202904208
:10ECB00056D028224EE040F26F42C4F20202904247
:10ECC0001ADC40F23F42C4F2020290422ADC40F2D7
:10ECD0001042C4F20202904242D040F2284239E08F
:10ECE0009F22C4F20202904225DC7022C4F202028A
:10ECF000904235D088222DE040F29F42C4F20202B9
:10ED000090421FDC40F27042C4F20202904227D0CF
:10ED100040F288421EE04022C4F2020290421FD01C
:10ED2000582217E040F24042C4F20202904217D04B
:10ED300040F258420EE0A022C4F2020290420FD0EC
:10ED4000B82207E040F2A042C4F20202904207D08B
:10ED500040F2B842C4F20202904218BF6FF00401C0
:10ED600002681140016010BD40F200200021C2F293
:10ED70000040C1700161C1690131C161704700008B
:10ED8000002808BF70472DE9F0438BB000234FF6F1
:10ED9000FF744525EE46ADF82A30CDF82630CDF883
:10EDA0002230CDF81E30CDF81A30CDF81630CDF81F
:10EDB0001230D0F800C00A208DF803000820CDF8EA
:10EDC00004C0ADF808000220CDF80AC08DF80E107E
:10EDD0008DF80F0045F645108DF810208DF8113094
:10EDE0004FF6FE730122ADF800000420C0F20103CB
:10EDF0008DF8020041F2210003E000BF1EF802502E
:10EE00000132EDB2A4B284EA052480EA440514F488
:10EE1000004F08BF650003EA450415F4004F18BF12
:10EE2000444003EA440514F4004F18BF454003EA88
:10EE3000450415F4004F18BF444003EA440514F498
:10EE4000004F18BF454003EA450415F4004F18BFB2
:10EE5000444003EA440514F4004F18BF454003EA58
:10EE6000450415F4004F18BF44402A2AC6D104298E
:10EE7000ADF82A401EBF40F20020C2F20040C0F8A8
:10EE800030C0EFF3108CEFF3108072B640F2002028
:10EE9000C2F2004081780B2930D80178059C9DE8AA
:10EEA000C400DDE9035841F2F0294FF02C0EC2F204
:10EEB000004911FB0EF311FB0E9149F803204C6140
:10EEC000C1E90358C1E9016706AF8CCFDDE90965E7
:10EED000C1E9096518318CC14AF6AB220178CAF63E
:10EEE000AA220131A1FB0223DA0802EB4202A1EBC4
:10EEF000820101708178013181703FE08178F9B140
:10EF00004AF6AB2441F2F02E00232C21CAF6AA24A3
:10EF1000C2F2004E427852FA83F2A2FB0456F50880
:10EF200005EB4505A2EB850505FB01E2D278082A31
:10EF300018BF052A06D082780133DDB29542E9D3A5
:10EF400000211CE0059CDDE900670DF108094FF088
:10EF50002C0899E80A0205FB08F24EF8026005FB4E
:10EF600008E25461C2E90339C2E9017106AF8ACFF0
:10EF7000DDE90965C2E9096518328AC20121BCF1DF
:10EF8000000F0BB0BDE8F04300D162B6002902BF0C
:10EF9000016A0131016270472DE9F0438BB00546EB
:10EFA0000C46002D18BF002C00F0A7806F462221D0
:10EFB00007F10A063046F1F7FDF90E20214620221E
:10EFC0008DF80300286801902020ADF80800304635
:10EFD000F1F7C9F945F645104FF6FE714FF6FF738C
:10EFE000452641F22102ADF800000420C0F20101E3
:10EFF0008DF80200012001E03E5C0130F6B29BB2C8
:10F0000083EA062382EA430613F4004F08BF5E003A
:10F0100001EA460316F4004F18BF534001EA4306C5
:10F0200013F4004F18BF564001EA460316F4004F90
:10F0300018BF534001EA430613F4004F18BF56406F
:10F0400001EA460316F4004F18BF534001EA430695
:10F0500013F4004F18BF564001EA460316F4004F60
:10F0600018BF53402A28C7D1ADF82A30EFF3108CCF
:10F07000EFF3108072B640F20020C2F200408278B6
:10F080000B2A3DD80278DDE90465DDE90048DDE9B9
:10F09000023141F2F0294FF02C0EC2F2004912FB6E
:10F0A0000EF712FB0E9249F807405561C2E90316AC
:10F0B000C2E9018306AF8ACFDDE90965C2E90965C6
:10F0C00018328AC24AF6AB220178CAF6AA22013166
:10F0D000A1FB0223DA0802EB4202A1EB820101222A
:10F0E0000170817801318170BCF1000F00D162B6EE
:10F0F000002A02BF016A013101620BB0BDE8F08352
:10F100008178F9B14AF6AB2741F2F02200232C2690
:10F11000CAF6AA27C2F20042417851FA83F1A1FB54
:10F120000754E50805EB4505A1EB850505FB062120
:10F13000CC78082C18BF052C09D081780133DDB2BA
:10F140008D42E9D30022BCF1000FD1D1CFE7059E5B
:10F15000DDE900480DF108094FF02C0E99E8820214
:10F1600005FB0EF3D45005FB0E225661C2E903796C
:10F17000C2E9018106AF8ACFDDE90965C2E9096507
:10F1800018328AC20122BCF1000FB1D1AFE70000F2
:10F19000002808BF70472DE9F0438BB000254FF6DB
:10F1A000FF74EE46ADF82A50CDF82650CDF8225027
:10F1B000CDF81E50CDF81A50CDF81650CDF812509B
:10F1C000D0F800C0057907208DF803000820CDF89D
:10F1D00004C0ADF8080045F645108DF80A508DF8CA
:10F1E0000B108DF80C208DF80D304FF6FE73CDF816
:10F1F0000EC045250122ADF800000420C0F2010335
:10F200008DF8020041F2210003E000BF1EF8025019
:10F210000132EDB2A4B284EA052480EA440514F474
:10F22000004F08BF650003EA450415F4004F18BFFE
:10F23000444003EA440514F4004F18BF454003EA74
:10F24000450415F4004F18BF444003EA440514F484
:10F25000004F18BF454003EA450415F4004F18BF9E
:10F26000444003EA440514F4004F18BF454003EA44
:10F27000450415F4004F18BF44402A2AC6D104297A
:10F28000ADF82A401FBF40F20020C2F20040C0F893
:10F290002CC0C172EFF3108CEFF3108072B640F205
:10F2A0000020C2F2004081780B2930D80178059CFB
:10F2B0009DE8C400DDE9035841F2F0294FF02C0E1F
:10F2C000C2F2004911FB0EF311FB0E9149F8032025
:10F2D0004C61C1E90358C1E9016706AF8CCFDDE994
:10F2E0000965C1E9096518318CC14AF6AB2201787C
:10F2F000CAF6AA220131A1FB0223DA0802EB42027C
:10F30000A1EB8201017081780131817040E0817848
:10F3100001B34AF6AB2441F2F02E00232C21CAF6A9
:10F32000AA24C2F2004E00BF427852FA83F2A2FB36
:10F330000456F50805EB4505A2EB850505FB01E242
:10F34000D278082A18BF052A06D082780133DDB2A8
:10F350009542E9D300211CE0059CDDE900670DF131
:10F3600008094FF02C0899E80A0205FB08F24EF84C
:10F37000026005FB08E25461C2E90339C2E9017188
:10F3800006AF8ACFDDE90965C2E9096518328AC28C
:10F390000121BCF1000F0BB0BDE8F04300D162B613
:10F3A000002902BF016A01310162704700000000BC
:10F3B0002DE9F0438BB005460C46002D18BF002CFC
:10F3C00000F0A7806F46222107F10A063046F0F7C9
:10F3D000F1FF0C20214620228DF8030028680190BF
:10F3E0002020ADF808003046F0F7BDFF45F6451087
:10F3F0004FF6FE714FF6FF73452641F22102ADF83C
:10F4000000000420C0F201018DF80200012001E09B
:10F410003E5C0130F6B29BB283EA062382EA4306E1
:10F4200013F4004F08BF5E0001EA460316F4004FD4
:10F4300018BF534001EA430613F4004F18BF56406B
:10F4400001EA460316F4004F18BF534001EA430691
:10F4500013F4004F18BF564001EA460316F4004F5C
:10F4600018BF534001EA430613F4004F18BF56403B
:10F4700001EA460316F4004F18BF53402A28C7D1AB
:10F48000ADF82A30EFF3108CEFF3108072B640F233
:10F490000020C2F2004082780B2A3DD80278DDE9D4
:10F4A0000465DDE90048DDE9023141F2F0294FF061
:10F4B0002C0EC2F2004912FB0EF712FB0E9249F815
:10F4C00007405561C2E90316C2E9018306AF8ACF3E
:10F4D000DDE90965C2E9096518328AC24AF6AB223C
:10F4E0000178CAF6AA220131A1FB0223DA0802EB55
:10F4F0004202A1EB82010122017081780131817009
:10F50000BCF1000F00D162B6002A02BF016A0131CE
:10F5100001620BB0BDE8F0838178F9B14AF6AB2700
:10F5200041F2F02200232C26CAF6AA27C2F200429A
:10F53000417851FA83F1A1FB0754E50805EB450535
:10F54000A1EB850505FB0621CC78082C18BF052CFE
:10F5500009D081780133DDB28D42E9D30022BCF1BC
:10F56000000FD1D1CFE7059EDDE900480DF1080974
:10F570004FF02C0E99E8820205FB0EF3D45005FBE8
:10F580000E225661C2E90379C2E9018106AF8ACF32
:10F59000DDE90965C2E9096518328AC20122BCF1B8
:10F5A000000FB1D1AFE70000002808BF70472DE978
:10F5B000F0438BB000234FF6FF74EE46ADF82A30CF
:10F5C000CDF82630CDF82230CDF81E30CDF81A30E7
:10F5D000CDF81630CDF81230D0F800C04379057957
:10F5E00010208DF803000820CDF804C0ADF8080005
:10F5F00045F64510CDF80AC08DF80E108DF80F5065
:10F600008DF810308DF811204FF6FE73452501223C
:10F61000ADF800000420C0F201038DF8020041F2B1
:10F62000210002E01EF802500132EDB2A4B284EAD9
:10F63000052480EA440514F4004F08BF650003EA7E
:10F64000450415F4004F18BF444003EA440514F480
:10F65000004F18BF454003EA450415F4004F18BF9A
:10F66000444003EA440514F4004F18BF454003EA40
:10F67000450415F4004F18BF444003EA440514F450
:10F68000004F18BF454003EA450415F4004F18BF6A
:10F6900044402A2AC6D10429ADF82A401EBF40F2B0
:10F6A0000020C2F20040C0F834C0EFF3108CEFF33A
:10F6B000108072B640F20020C2F2004081780B291F
:10F6C00030D80178059C9DE8C400DDE9035841F27B
:10F6D000F0294FF02C0EC2F2004911FB0EF311FB82
:10F6E0000E9149F803204C61C1E90358C1E9016753
:10F6F00006AF8CCFDDE90965C1E9096518318CC118
:10F700004AF6AB220178CAF6AA220131A1FB0223F4
:10F71000DA0802EB4202A1EB82010170817801312B
:10F7200081703FE08178F9B14AF6AB2441F2F02EC6
:10F7300000232C21CAF6AA24C2F2004E427852FAC3
:10F7400083F2A2FB0456F50805EB4505A2EB8505FF
:10F7500005FB01E2D278082A18BF052A06D0827874
:10F760000133DDB29542E9D300211CE0059CDDE9BF
:10F7700000670DF108094FF02C0899E80A0205FB13
:10F7800008F24EF8026005FB08E25461C2E9033951
:10F79000C2E9017106AF8ACFDDE90965C2E90965F1
:10F7A00018328AC20121BCF1000F0BB0BDE8F04352
:10F7B00000D162B6002902BF016A013101627047BF
:10F7C000002800F0F2802DE9F04F8FB000214FF0BB
:10F7D0000808ADF836108DF83A10CDF83210ADF8B3
:10F7E0003810818B029181690191818A0091B0F872
:10F7F00012A0B0F810B0D0F80C9046890789B0F884
:10F8000006E043790279047890F801C08178C078E5
:10F810008DF80F8040F20028C2F20048D8F82C5032
:10F8200004952025ADF814508DF816408DF817C0BA
:10F830008DF818108DF8190000988DF81A208DF8A1
:10F840001B30ADF81CE0ADF81E70ADF82060CDF8AF
:10F850002290ADF826B0ADF828A04FF6FE724524F0
:10F86000012141F221030DF10C0EC0F20102ADF8AD
:10F870002A0001980B900298ADF830009DF83A00EC
:10F880008DF83400BDF83800ADF8320002208DF854
:10F89000350045F64510ADF80C0004208DF80E003B
:10F8A0004FF6FF7003E000BF1EF801400131E7B2E0
:10F8B00080B280EA072083EA400710F4004F08BFB7
:10F8C000470002EA470017F4004F18BF584002EA09
:10F8D000400710F4004F18BF5F4002EA470017F4DA
:10F8E000004F18BF584002EA400710F4004F18BFFD
:10F8F0005F4002EA470017F4004F18BF584002EA81
:10F90000400710F4004F18BF5F4002EA470017F4A9
:10F91000004F18BF58402A29C6D1ADF83600EFF382
:10F920001080EFF3108172B698F802100B2935D8C9
:10F9300098F8001005AF089EDDE9035EC14641F26C
:10F94000F0284FF02C0C94CFC2F2004811FB0CF3BE
:10F9500011FB0C8148F803504E61C1E90347C1E92E
:10F9600001E209AF8CCFDDE90C65C1E90965183109
:10F970008CC14AF6AB2299F80010CAF6AA220131CE
:10F98000A1FB0223DA0802EB4202A1EB820189F813
:10F99000001099F80210013189F8021000280FB008
:10F9A000BDE8F04F18BF704762B670470000000016
:10F9B00058B3EFF3108172B640F20021C2F2004159
:10F9C000CA790AB3B0B501F16005D1E916CE00F1EC
:10F9D00008073CCD3CC7C0E900CE00F1180CD1E9C6
:10F9E0001C23D1E91E5444628CE82C000022CA7109
:10F9F00062B602680B6B01219A42BDE8B04008BFB5
:10FA000080F824100846704762B600210846704707
:10FA1000002804BF00207047EFF3108172B640F257
:10FA20000021C2F200410A7A32B18A6B02600020E2
:10FA30000872012062B67047002062B6704700006D
:10FA400080B5C8B3EFF3108172B640F20021C2F264
:10FA500000414A790B799A420AD18A795AB301F165
:10FA6000480E9EE80C5080E80C5000228A7113E08A
:10FA70004A7940F2E033C2F2004303EB021202F192
:10FA80002C0E9EE80850926B80E80850C2604A79BC
:10FA9000013202F003024A7162B6427B002A1EBFA5
:10FAA0000121084680BD0268CB6A01219A4208BF45
:10FAB0004173084680BD62B60021084680BD000043
:10FAC000002804BF00207047EFF3108172B640F2A7
:10FAD0000021C2F200414A7A52B101F13C0C9CE88B
:10FAE0000C1080E80C1000204872012062B67047AC
:10FAF000002062B670470000E0B1EFF3108172B6EB
:10FB000040F20021C2F200418A7A92B140F6F82216
:10FB1000C2F20042D2E90023C0E9002300228A7227
:10FB200062B602684B6B01219A4208BFC171084658
:10FB3000704762B6002108467047000000000000D0
:10FB4000F0B581B040F200250446C2F20045E878E5
:10FB500098B12869201A65280FD340F67800C2F2C0
:10FB60000040FBF7C5F9EFF3108072B60020E87093
:10FB70002861286A0130286262B6EFF3108072B6FD
:10FB8000A87808B1E87810B162B601B0F0BD687825
:10FB900041F2F0212C22C2F2004110FB021310FBB3
:10FBA00002F0D3E901CED3E9032608585F6940F299
:10FBB000E031C2F200414F610E61CA6081E801503C
:10FBC00003F1180785CFD3E90963C1E9096301F19E
:10FBD000180385C34AF6AB226878CAF6AA22013018
:10FBE000A0FB0223DA0802EB4202A0EB82002C22E7
:10FBF0006870A8780138A8700120E87040F6780095
:10FC000062B6C2F20040FBF7EFFE002802BF2C6193
:10FC100001B0F0BD0020E8702861286A0130286238
:10FC200001B0F0BD0000000010B5F3F7B5FC802076
:10FC3000F4F726FD5520F4F723FD5520F4F720FDB9
:10FC4000F3F7A2FC9620F4F73FFCF3F7A5FC802025
:10FC5000F4F716FD5520F4F713FD5520F4F710FDC9
:10FC6000F3F792FC9620F4F72FFCF3F795FC7E2037
:10FC7000F4F706FDB620F4F703FDF3F785FC5020FA
:10FC8000F4F7D2FBF3F788FC8020F4F7F9FC552059
:10FC9000F4F7F6FC5520F4F7F3FCF3F775FC962027
:10FCA000F4F712FCF3F778FC8020F4F7E9FC552018
:10FCB000F4F7E6FC5520F4F7E3FC0446F3F764FCA4
:10FCC0009620F4F701FC1E2C1CBFFF2010BDF3F79B
:10FCD00063FC7D20F4F7D4FC0420F4F7D1FCF3F7A7
:10FCE00053FC9620F4F7F0FBF3F756FCFD20F4F7F5
:10FCF000C7FC5520F4F7C4FC5520F4F7C1FC0446BA
:10FD0000F3F742FC9620F4F7DFFB042C20D1F3F745
:10FD100043FC7C20F4F7B4FC0020F4F7B1FCF3F7CB
:10FD200033FC9620F4F7D0FBF3F736FCFC20F4F715
:10FD3000A7FC5520F4F7A4FC5520F4F7A1FC0446D9
:10FD4000F3F722FC9620F4F7BFFB5CB1012000E042
:10FD5000002042F24C0100EB4000C0F601010844D3
:10FD6000807810BDF3F718FC4020F4F789FCAB2035
:10FD7000F4F786FCF3F708FC9620F4F7A5FBF3F7FD
:10FD80000BFCC020F4F77CFC5520F4F779FC5520DF
:10FD9000F4F776FC0446F3F7F7FB9620F4F794FBB0
:10FDA000AB2C20D1F3F7F8FB4120F4F769FC0020DD
:10FDB000F4F766FCF3F7E8FB9620F4F785FBF3F71E
:10FDC000EBFBC120F4F75CFC5520F4F759FC5520FF
:10FDD000F4F756FC0446F3F7D7FB9620F4F774FBD0
:10FDE0001CB10320B5E70220B3E7F3F7D5FB53209E
:10FDF000F4F746FC0820F4F743FCF3F7C5FB962024
:10FE0000F4F762FBF3F7C8FBD320F4F739FC552075
:10FE1000F4F736FC5520F4F733FC0446F3F7B4FB53
:10FE20009620F4F751FB082C23D1F3F7B5FB5820AB
:10FE3000F4F726FC0420F4F723FCF3F7A5FB962047
:10FE4000F4F742FBF3F7A8FBD820F4F719FC552090
:10FE5000F4F716FC5520F4F713FC0446F3F794FB73
:10FE60009620F4F731FB042C04BF002010BD0520C0
:10FE70006FE704206DE70000B0B5F4F7C9F9802002
:10FE8000F4F7FEFB5520F4F7FBFBF4F7B9F99620E5
:10FE9000F4F71AFBF4F7BCF98020F4F7F1FB5520D6
:10FEA000F4F7EEFBF4F7ACF99620F4F70DFBF4F75A
:10FEB000AFF91420F4F7E4FBB620F4F7E1FBF4F714
:10FEC0009FF95020F4F7B0FAF4F7A2F98020F4F784
:10FED000D7FB5520F4F7D4FBF4F792F99620F4F70A
:10FEE000F3FAF4F795F98020F4F7CAFB5520F4F7FC
:10FEF000C7FB0446F4F784F99620F4F7E5FA0F2CD3
:10FF00001CBFFF20B0BDF4F783F90F20F4F7B8FB56
:10FF100000200025F4F7B4FBF4F772F99620F4F70B
:10FF2000D3FAF4F775F98F20F4F7AAFB5520F4F70C
:10FF3000A7FB0446F4F764F99620F4F7C5FADCBB96
:10FF4000F4F766F91020F4F79BFB8220F4F798FB96
:10FF5000F4F756F99620F4F7B7FAF4F759F9902028
:10FF6000F4F78EFB5520F4F78BFB0446F4F748F9C1
:10FF70009620F4F7A9FA822C1DD1F4F749F9112043
:10FF8000F4F77EFB0020F4F77BFBF4F739F99620B9
:10FF9000F4F79AFAF4F73CF99120F4F771FB552045
:10FFA000F4F76EFB0446F4F72BF99620F4F78CFA7D
:10FFB0005CB1022500E0012542F25E0105EB45003F
:10FFC000C0F6010108448078B0BDF4F721F915208E
:10FFD000F4F756FB8020F4F753FBF4F711F9962061
:10FFE000F4F772FAF4F714F99520F4F749FB552069
:10FFF000F4F746FB0446F4F703F99620F4F764FAA5
:020000040801F1
:10000000802C1DD1F4F704F91620F4F739FB0020F9
:10001000F4F736FBF4F7F4F89620F4F755FAF4F712
:10002000F7F89620F4F72CFB5520F4F729FB04464B
:10003000F4F7E6F89620F4F747FA1CB10425BBE77D
:100040000325B9E7F4F7E4F81820F4F719FB0120C9
:10005000F4F716FBF4F7D4F89620F4F735FAF4F732
:10006000D7F89820F4F70CFB5520F4F709FB044669
:10007000F4F7C6F89620F4F727FA012C04BF002005
:10008000B0BD052598E700002DE9F04F81B02DEDBA
:10009000108BADF50C7DF6F797FDFDF70DF8FCF72D
:1000A00033F8FBF7FDFFFCF7F7F8FCF725F9FCF751
:1000B00067FAFCF7DDF9FCF71FFA00BFF4F798FACE
:1000C0000028FBD1F3F770FAF4F73EFA4FF4FA6028
:1000D000F6F732FC44F2E04040F600044FF0000A2C
:1000E000C5F60200C5F60204016841F00401016092
:1000F00060A9006800F0040067906798CDF890A1AF
:100100004FF4604060900120CDE9610A2046CDF8AF
:100110008CA1F6F759FC20464FF460410122F6F716
:1001200037FDFCF709FDFBF767FFFBF77DFFFBF7EA
:100130002BFEFBF701FFFBF7DBFCF0F791FFF4F779
:1001400077FCFEF729FBFEF7A3FAFEF795FC0320E8
:10015000C8216422F4F738FCC8200321FBF728FFEC
:100160004FF47A60F6F7E8FBFF200921FEF7B0FABA
:100170004FF47A60F6F7E0FBFF200B21FEF7A8FAB8
:100180004FF4FA60F6F7D8FB5CA89FED118A40F2B5
:10019000400940F280260DF5A2780830C2F20049ED
:1001A000C2F20046379067A840F00200369084A85B
:1001B00000F11401319100F11701349100F10D01AA
:1001C00040F0020033917FA93C900631329106E065
:1001D0000AD7233CF3F768FA0A20F6F7ADFBF6F7E7
:1001E000DFFC074652A8FFF7E3FB002800F0DA80A7
:1001F0009DF86C41002C40F0CE809DF86B019DF87D
:1002000053519DF84D119DF852419DF851E19DF8D3
:1002100050C19DF84E219DF84F319DF85691B8463A
:100220009DF857A19DF855719DF854619DF858B1FE
:100230004B909DF86A014A909DF8690149909DF89C
:10024000680148909DF8670147909DF866014690C7
:100250009DF8650145909DF8640144909DF8630107
:1002600043909DF8620142909DF8610141909DF894
:10027000600140909DF85F013F909DF85E013E90C7
:100280009DF85D013D909DF85C013B909DF85B0100
:100290003A909DF85A0139909DF8590138909DF88F
:1002A0004C018DF89C018DF89D1105EB8500002116
:1002B0008DF89E218DF89F318DF8A0C18DF8A1E1B8
:1002C0008DF8A2418DF8A31140006421ADF8A4017E
:1002D00019FB01F08DF8A6618DF8A77140F2802618
:1002E00040F2400947460DF5A278ADF8A8010AEBA7
:1002F0008A004FF0000AC2F20046C2F200494000F4
:10030000ADF8AA0138988DF8ACB18DF8AD013998E7
:100310008DF8AE013A988DF8AF013B9810FB01F0D3
:10032000ADF8B0013D988DF8B2013E988DF8B3015B
:100330003F988DF8B40140988DF8B50141988DF83B
:10034000B60142988DF8B7A110FB01F0ADF8B801E5
:1003500043988DF8BA0144988DF8BB0145988DF803
:10036000BC0146988DF8BDA1ADF8BE0147988DF847
:10037000C00148988DF8C10149988DF8C2014A988A
:100380008DF8C3014B988DF8C40167A88DF8C5A1FD
:10039000F2F72AFE0446F0F723FE024652A8214651
:1003A000FEF7EEFC4046FFF733FB002800F0BC8070
:1003B00067A8F0F71DFE9DF8C401DDF89CB1BDF8FB
:1003C000A4219DF8A211BDF8A8E1BDF8AA419DF8AD
:1003D000A7C19DF8A631BDF8B0A1B8469DF8AF9170
:1003E0009DF8AE719DF8AD619DF8AC514B909DF8B4
:1003F000C301CDF8D0B14A909DF8C20149909DF853
:10040000C10148909DF8C00147909DF8BE014690FB
:100410009DF8BC0145909DF8BB0144909DF8BA0140
:100420004390BDF8B80142909DF8B60141909DF807
:10043000B50140909DF8B4013F909DF8B3013E9006
:100440009DF8B2013D90BDF8A001ADF8D4014CF685
:10045000CD408DF8D611CCF6CC408346A2FB0B01E3
:10046000C8088DF8D70148F21F508DF8D8318DF8A3
:10047000D9C1C5F2EB100246AEFB020148098DF866
:10048000DA01A4FB0B01C8088DF8DB01AAFB02010D
:100490008DF8DC518DF8DD618DF8DE718DF8DF911E
:1004A00047460DF5A27840F2802640F240094FF011
:1004B000000A4809C2F20046C2F200498DF8E00184
:1004C0003D988DF8E1013E988DF8E2013F988DF856
:1004D000E30140988DF8E40141988DF8E5014298D8
:1004E000A0FB0201480974A98DF8E60143988DF834
:1004F000E70144988DF8E80145988DF8E9014698A0
:100500008DF8EA0147988DF8EB0148988DF8EC01D9
:1005100049988DF8ED014A988DF8EE014B988DF8C9
:10052000EF014046FEF738FD4CA8FFF7E5FA90B121
:100530009DF8374144B99DF834019DF835119DF877
:100540003621F0F745FE0446F0F74AFD02464CA876
:100550002146FFF729F85CA8FFF772FA68B39DF807
:100560007D41FCB99DF87401012817D19DF87501F2
:10057000369A08248DF89C019DF876018DF89D012E
:100580003798014608791071086810609DF8770166
:10059000022807D167A8F2F74BFE02E00021F0F72E
:1005A0005BFB0446F0F71CFD0546F0F7D5FC03465F
:1005B0005CA821462A46FEF7EBFD3846FFF7C0FA55
:1005C000F3F7D2FE09F1040B49465846F4F71CF83C
:1005D0005846B0EE480AFBF7AFFAFBF781FAF0F79E
:1005E000FFFC022803D1F0F7B7FC002863D067A80E
:1005F000F0F7FEFC99ED020A00F071FBB0EE409AB4
:1006000099ED010A9DF8C14100F069FB9DF8C00118
:1006100001EE104A00240025B8EE413AB4EEC39A28
:10062000F1EE10FA02EE100AB8EE422A99ED031A22
:10063000C8BF0124B4EEC20AF1EE10FAC8BF01250A
:10064000B0EE410A00F04BFB9DF8C201002101EE23
:10065000100A44EA0500B8EE411AB4EEC10AF1EE00
:1006600010FAC8BF012140EA0104307828B924B14A
:10067000022096216422F4F7A7F9002C34701CD0D4
:10068000F6F78EFAB168401AC0087C2808D9F6F748
:1006900087FAB0607078B0FA80F04009707000E0BE
:1006A000707800284FF000014FF0000218BFFF20C3
:1006B000FEF7DAF803E086F800A0FEF72DF8FBF766
:1006C00097FB99ED000A5846F0F706FF4EA8FFF792
:1006D000F7F9002800F06A817FA8F0F771FC74A890
:1006E000F0F786FC3C984F9B9DF840219DF8421105
:1006F000A0F81CA0C0F818A0C0F814A0C0F810A062
:10070000C0F80CA0C0F808A0C0F804A0C0F800A071
:100710007F98002B8DF810228DF8111218BF83429C
:1007200040F03D81032A00F23A81DFE802F0022E18
:100730009BBE3D469DF80932BDF80772BDF80062C8
:1007400085909DF8D011839A0028ADF81862ADF815
:100750001A728DF81C32329B339F1E4633793B71DF
:10076000336840F28026C2F200463B60CDF8222278
:100770008DF8261234992F4681F808A0C1F804A0FC
:10078000C1F800A018BF012007E19DF8410167A949
:10079000F0F7EAFB002800F00281BDF8C801BDF8BF
:1007A000C481709B39464B90BDF8C6014A90DDE983
:1007B0006E56DDF8FCC19DF89C419DF89DB19DF8F9
:1007C0009E01DDF8B0919DF89F71BDF8A021BDF8A4
:1007D000A4A1BDF8A2E1CDF814C28DF818428DF89D
:1007E00019B28DF81A0244F6D3508DF81B720F46D9
:1007F000ADF81C224FF6FF72ADF81EE2ADF820A254
:100800004FF0000AC1F26200A9FB000140F240096A
:100810008809C2F2004990424FF6FF7038BF88093C
:100820009542ADF8220228BF15469642ADF82452F3
:1008300028BF16469342ADF8266228BF13464A9851
:1008400040F28026ADF82832ADF82A82C2F2004686
:100850000DF5A278ADF82C024B98ADF82E028DF86C
:1008600012B29CE09DF8410167A9F0F77DFB0028DA
:1008700000F09580BDF8A6510020002D1FBFBDF8E7
:10088000A8014FF47A714843B0FBF5F0BDF8AA41D6
:100890003597BDF8AC11002C4B9049913CD04FF4EA
:1008A0007A704843B0FBF4F037E0CDF8A4A1CDE96D
:1008B00067AA65AA9DF84101F0F7B2FB00286ED047
:1008C00038467F9CDDF898C19DF894119DF89521DC
:1008D0009DF896319DF897719DF841619DF84251C0
:1008E00085948DF818628DF819528DF81A128DF8CA
:1008F0001B228DF81C328DF81D72ADF81EA2CDF8AA
:1009000020C267AA074640F2802607CA319BC2F27E
:10091000004607C3012040E000204A909DF84101B5
:10092000BDF8A8B1BDF8CA71739E9DF89C819DF871
:100930009D91DDF8FCA1F0F767FB9DF8EE11499A57
:10094000CDF814A24FF0000A8DF818828DF8199294
:1009500040F240090DF5A278ADF81AA28796ADF8DD
:100960002072ADF82252ADF824B2ADF8264240F222
:100970008026C2F20049C2F20046ADF828228DF866
:100980002A028DF82B12DDE94A10359F401AADF886
:100990002C029DF89D01ADF82EA28DF812024EA8F2
:1009A00084A9FEF705FD3846FFF7CAF8F068381A43
:1009B000C8284AD374A8F760F0F72EFACDE96DAADB
:1009C000CDE96BAACDE969AACDE967AA9DF8D00166
:1009D0008DF89C019DF8D1018DF89D019DF8D20103
:1009E0008DF89E019DF8D3018DF89F019DF8D401EB
:1009F0008DF8A0019DF8D5018DF8A101BDF8D601B3
:100A0000ADF8A201BDF8D801ADF8A401BDF8DA0136
:100A1000ADF8A60177986A90BDF8E001ADF8AC0199
:100A2000BDF8E201ADF8AE01BDF8E401ADF8B001EA
:100A30007A986D909DF8EC018DF8B8019DF8ED0164
:100A40008DF8B90167A8FEF7BBFEF6F7A9F8316982
:100A5000401A6428FFF4BEABF6F7A2F806F11404BE
:100A6000306106F13C0006F148014A462346F3F79F
:100A700033FC06F1180006F11C0106F1200206F114
:100A800024030094F3F7CCFB06F15400F3F70CFCBD
:100A9000F3F75AFCB070F3F75FFCF070FEF7BCF8A8
:100AA0003071FDF7E1FFB062FDF7C6FFF062FDF7C0
:100AB000D3FF3063FDF7C8FF4890B07896ED069AF3
:100AC00096ED07AA96ED08BA96ED0FCA96ED10DAE4
:100AD00096ED11EA96ED12FAD6ED138AD6ED149A38
:100AE000D6ED15AAD6ED16BAD6ED17CAD9ED00DAAD
:100AF000D9ED01EAD9ED02FA99ED038A4B90F0782D
:100B00004A9030794990B06A4790F06A4690306BCD
:100B10004590F0F765FA8346F0F71EFA0546F0F7C0
:100B20006BF90646F0F770F90746FDF7A9FD044694
:100B3000FDF796FD8046FDF79BFD8146F0F754F9E1
:100B400040F2802140F280222EABB7EEED0AB7EEE4
:100B5000EC1AB7EEEB2AB7EEEA3AB7EEE94AB7EE8F
:100B6000E85AB7EECF6AB7EECE7AB7EEC88AB7EEDC
:100B7000EEEAB7EEEFFAB7EECDDAB7EECCCAB7EEE3
:100B8000CBBAB7EECAAAB7EEC99AC2F20041C2F216
:100B90000042496B926BCDE92A74CDF8B080CDF854
:100BA000B49040F240090DF5A278C2F2004907C3A3
:100BB00029962895CDF89CB041F6C47240F2802663
:100BC0004FF4C0714898C0F60102C2F20046269068
:100BD00045982590469824904798239049982290CC
:100BE0004A988DED200B1E904B981F908DED107B39
:100BF0008DED126B8DED145B8DED164B8DED183B6D
:100C00008DED1A2B8DED1C1B8DED00FB8DED02EB98
:100C10008DED048B06A89FED1B8A80EC0A9B41F2A8
:100C20000050C2F2004000F02FF80446601EB0F5FC
:100C3000BF7F3FF6CFAA707920B1B06B0130B063AF
:100C4000FFF7C8BA41F2806541F200512246C2F274
:100C50000045C2F200412846EFF785FB0120A2B211
:100C60002946707140F2E470C2F20040FAF768FE63
:100C700000281FBF86F805A0706B01307063FFF776
:100C8000A9BA00BF0AD7233C0FB41CB50246002006
:100C900007AC00290BD0491ECDE90021054B6A465F
:100CA0002146069800F092FD009A002111701CBCAC
:100CB0005DF814FBFB1E01084100080218BF042068
:100CC0000A0E18BF40F001004FF07F4232EA0101E6
:100CD00008BF40F00200012808BF0520704710EE51
:100CE000100A20F0004000EE100A704710B510EE18
:100CF000104A4FF01A402DED028B00EB4400B0F18A
:100D0000C85F4AD84FF0FC40B0EB440F22D2B0EE9F
:100D1000C00AF7EE000A30EEC00AF6EE000A20EE36
:100D2000208A18EE100A01F0F3F800EE100A14F011
:100D3000004F1DBF9FED281ADFED280AB1EE400AD3
:100D40009FED271A08BFF0EE410AF8EE001A20EED8
:100D5000210A05E020EE008A9FED221ADFED220A2B
:100D6000DFED221A9FED222A70EEC00A20EE080A5B
:100D700008EE212ADFED1F1A48EE021A9FED1E2A07
:100D800008EE212ADFED1D1A48EE021ABDEC028B97
:100D900040EE610A30EE810A10BD4FF0CC40B0EB5E
:100DA000440F82BF9FED160ABDEC028B10BD4FF0C1
:100DB0007F40B0EB440F05D2BDEC028BBDE8104084
:100DC00000F06BBB012000F039FCBDEC028BBDE8EC
:100DD000104000F069BB00000000494022AA7D3AA3
:100DE000000000000000C93F22AAFD3924FE1C3D7E
:100DF000C78AD83C1E67383D1B93993DAFAA2A3E4F
:100E0000DB0FC93F10B54FF00E402DED028BB0EE59
:100E1000408A18EE104A00EB4400B0F1506F4AD8F7
:100E20004FF0FC40B0EB440F22D2B0EEC80AF7EE10
:100E3000000A30EEC00AF6EE000A60EE208A18EED4
:100E4000900A01F065F801EE100A14F0004F1DBF82
:100E5000DFED2D0A9FED2D0AB1EE411ADFED2C0AD0
:100E600008BF9FED2C0AF8EE001A21EE218A05E05A
:100E7000DFED290A68EE088AB0EE600A9FED271AB6
:100E8000DFED271A30EE080A48EE811A9FED251A89
:100E900008EEA11ADFED241A48EE811A9FED231AFD
:100EA00008EEA11A68EE281ABDEC028B01EE810A49
:100EB00030EE200A10BD4FF0E440B0EB440F0CD9E7
:100EC00018EE100AFFF7F8FE042808BF00F0F4FA45
:100ED000B0EE480ABDEC028B10BD4FF07F40B0EB86
:100EE000440F07D2B0EE480ABDEC028BBDE81040BB
:100EF00000F0D3BA012000F0A1FBBDEC028BBDE8ED
:100F0000104000F0D1BA00000000C9BF22AAFDB90C
:100F10000000C93F22AAFD390000000024FE1C3D4C
:100F2000C78AD83C1E67383D1B93993DAFAA2A3E1D
:100F300010EE100A10B510EE901A4FF0684202EB56
:100F400040032DED028BB3F1654F3CBF02EB410234
:100F5000B2F1654F7CD200BFC0F3C753C1F3C75293
:100F60009A1A1B2A09DD10F0004F14BF9FED6E0A7C
:100F70009FED6E0ABDEC028B10BD12F11A0F1BDA49
:100F800011F0004F09D010F0004F0CBF9FED680A20
:100F90009FED680ABDEC028B10BD80EE208A18EE32
:100FA000100AFFF789FE042808BF00F085FAB0EEAA
:100FB000480ABDEC028B10BD4200B2EB410F37D99D
:100FC00010F0004F19BFDFED5C1A9FED5C1ADFEDEA
:100FD0005C1A9FED5C1AB0EE602A0A46F1EE400AF8
:100FE00080F00041B0EE420A10460A1A5200B2F1F7
:100FF000807F34D2484010F0004FDFED532A9FED40
:10100000533A1DBFBEEE002A71EEE21A31EE431ACA
:10101000B6EE002A04BF71EEA21A31EE031AF0EE0A
:10102000402A42EE602A40EE020A82EEA02A18E030
:1010300011F0004F04BF9FED461AF0EE411AD4D0D4
:1010400010F0004F1CBFDFED431A9FED431A00E084
:1010500026E004BFDFED411A9FED411AC5E780EE9F
:10106000202A22EE020ADFED3F0ADFED3F2ABDEC27
:10107000028B40EE202ADFED3D0A40EE220ADFED32
:101080003C2A40EE202ADFED3B0A40EE220A22EE07
:10109000000A00EE201A31EE020A30EE210A10BDDD
:1010A0004FF07F42B2EB400F28BFB2EB410F05D2A9
:1010B000BDEC028BBDE8104000F0F2B940EA01033C
:1010C0005B0008BF41F0FF410BD0B2EB400F08BFFF
:1010D000B2EB410F08D120F0804000EE100A21F061
:1010E000804100EE901A37E7B2EB400F12BF5FEA83
:1010F000410240F0FF4001F000413FF42DAF4A00B3
:1011000092EA40033FF528AF002AACBF9FED1A1AC0
:101110009FED1A1A20EE010A60EE810A10EE100A05
:1011200010EE901A18E70000DB0FC9BFDB0FC93FB4
:10113000DB0F4940DB0F49C00000C9BF22AAFDB93F
:101140000000C93F22AAFD390060ED3EC30ACE3738
:1011500000000000000049C022AA7DBA00004940FA
:1011600022AA7D3A2DAD65BD8FB8D53D0FB511BE14
:1011700061C84C3EA8AAAABE0000804F0000802F84
:1011800010EE101A08B5444A6846B2EB410F28D950
:101190004FF0E640B0EB410F94BF00204FF0FF301E
:1011A00000900098002861DB60EE000A10F0010F4B
:1011B00045D010F0020FDFED391A9FED391A00EE1D
:1011C000A11ADFED381A40EE811A21EEA01AF0EED6
:1011D000400A40EE010A08BFF1EE600AB0EE600A74
:1011E00008BD314B21F0004293423CD911F0004F31
:1011F000DFED2E0A20EE201ADFED2D0A19BF31EEA9
:10120000601A71EE200A31EE201A71EE600ABDEE0E
:10121000E01A11EE100A9FED271A00F0030000EE0D
:10122000C10A9FED251A009000EEC10A9FED231A16
:1012300000EEC10A9FED221A00EEC10AB1E79FED50
:10124000211A9FED210A10F0020F00EE810A9FED96
:101250001F1A00EE801AB7EE000A00EE810A18BFCE
:10126000B1EE400A08BD00F02FF99AE710EE100A1F
:101270004000B0F17F4F3CBFB7EE000A08BD07D178
:101280004FF0010000F0DAF9BDE8084000F00CB9B9
:10129000BDE8084000F001B9B61F927E336D4CB92D
:1012A000DA82083CA0AA2ABE490E494683F9223FA9
:1012B0000000004B0000C93F00A0FD390020A23310
:1012C0001A61342CB93AB2BACA9F2A3DDDFFFFBE7B
:1012D00000B510EE101A2DED028B81B0524A68460F
:1012E000B2EB410F2ED94FF0E640B0EB410F94BF67
:1012F00000204FF0FF3000900098B0EE408A0028A8
:101300006ADB10F0010F4BD068EE080A9FED471A18
:101310009FED470A00EE810A9FED461A10F0020F7A
:1013200000EE801AB7EE000A00EE810A02BF01B09B
:10133000BDEC028B00BD00BF01B0B1EE400ABDECB8
:10134000028B00BD3C4B21F00042934241D911F089
:10135000004FDFED3A0A20EE201ADFED390A19BFFF
:1013600031EE601A71EE200A31EE201A71EE600A39
:10137000BDEEE01A11EE100A9FED321A00F00300E4
:1013800000EEC10A9FED301A009000EEC10A9FEDF9
:101390002F1A00EEC10A9FED2E1A00EEC10AABE72C
:1013A00028EE080A9FED2B1ADFED2B0A10F0020F32
:1013B00040EE010A9FED291A00EE201A61EE000AA4
:1013C000B0EE480A08EE200AB6D101B0BDEC028B9F
:1013D00000BD00F079F88FE718EE100A4000B0F178
:1013E0007F4F0DD218EE100AFFF766FC042808BFE5
:1013F00000F062F8B0EE480A01B0BDEC028B00BD0F
:1014000009D1012000F01AF901B0BDEC028B5DF8A2
:1014100004EB00F049B801B0B0EE480ABDEC028B15
:101420005DF804EB00F039B8B61F927EB93AB2BA53
:10143000CA9F2A3DDDFFFFBE490E494683F9223F80
:101440000000004B0000C93F00A0FD390020A2337E
:101450001A61342C336D4CB9DA82083CA0AA2ABE3A
:1014600010B52DED028BB1EEC08A18EE100A20F0F7
:101470000040C0F1FF40C00F0AD010EE100A20F06B
:101480000040C0F1FF40C00F04BF012000F0D6F8BB
:10149000B0EE480ABDEC028B10BD30EE000A70477A
:1014A00030EE200A70470000DFED020A80EEA00A4D
:1014B00070470000000000009FED020A20EE000AC5
:1014C00070470000000000102DE9F0014FF07F424E
:1014D000B2EB410F9FBF4FF0FF310160BDE8F0015B
:1014E00070474FF0004242EA0123C1F3C752783AF5
:1014F000551112F01F0C434CCCF120067C44C1F373
:10150000C752A2F178024FEA621204EB820254F849
:10151000254008BFD2E9015612D0556804FA0CF4F0
:1015200025FA06F73C43976805FA0CF527FA06F802
:10153000D26807FA0CFCF24045EA08054CEA0206BC
:10154000A4FB034CA5FB0352A6FB03631D449D4271
:1015500034BF012600261319334416B1934202D931
:1015600003E0934201D2012200E00022624402F132
:10157000200C9206DC0C42EA443200EE102A5B0397
:10158000DFED210AF8EEC01A00EE103A4FEA9C1C7B
:1015900011F0004FB8EE400AC0F800C020EE201A4B
:1015A00000EE105ADFED190AB8EE400A20EE200ACC
:1015B00071EE810A70EE800A10EE902A02F5006248
:1015C0006FF30B0200EE902A70EEE11A31EEC11AB1
:1015D000DFED101A30EE411A9FED0D0A20EE800A61
:1015E00001EE210A9FED0C1A00EE810A04BFBDE84E
:1015F000F0017047CCF180510160BDE8F001B1EE1F
:10160000400A7047500A0000000000360000802C9D
:1016100022AAFD29DB0FC92F0000C92F02E008C84C
:10162000121F08C1002AFAD170477047002001E05C
:1016300001C1121F002AFBD1704700000149086058
:1016400070470000000000242DE9FF5F82B00021F8
:10165000DDE90430020DDDF840B0034318D044F654
:101660001050A2F2FF3242431514119801281FD0E6
:10167000A5EB0B00401C5FEA000A4FF000064E4F3E
:10168000DFF83891B046504615D5CAF1000413E092
:10169000119801244AA3012801D16FEA0B01029895
:1016A000119AC0E90031C0E9024206B0BDE8F09FDE
:1016B000CBF10000DFE704460021404A491842EB25
:1016C0000450CDE9001012E0E00707D032463B4657
:1016D00040464946EEF755FF8046894632463B462E
:1016E00010461946EEF74DFF06460F466410002CD3
:1016F000EAD1DDE90401DDE90023BAF1000F06DAE1
:10170000EEF73FFF42464B46EEF73BFF05E0EEF7B4
:10171000AAFF42464B46EEF7A6FF04460E460022BD
:10172000284BEFF727F803D84FF0FF30014607E0CA
:101730000022254B20463146EEF77CFEEFF702F8FB
:10174000102409E0002C0ADB0A220023EEF7DAFD60
:10175000039B30321A55641E50EA0102F2D1641C18
:10176000039AC4F111031444119A012A03D00122EF
:1017700008430DD10AE0084304D000204FF0110BBC
:10178000119072E7A3EB0B056D1E0DE05B4504DDC8
:101790004FF0000205F1010504E003DA4FF000020A
:1017A000A5F10105002AECD002981199C0E9023197
:1017B000C0E9004579E70000000014400000F03F58
:1017C000300000000000F0430000E03F2DE9FF4F33
:1017D00095B09B468946064600250FE2252877D11D
:1017E00000242746F84A0121059400E0044316F836
:1017F000013F203B01FA03F01042F7D130782A284C
:1018000011D06FF02F033078A0F13002092A16D8DA
:10181000059A44F0020402EB820203EB42021044F8
:10182000761C0590EFE759F8042B0592002A03DA9D
:10183000504244F40054059044F00204761C307881
:101840002E2816D116F8010F44F004042A280DD0D2
:101850006FF02F023078A0F13003092B09D807EB85
:10186000870302EB4303C718761CF3E759F8047BA0
:10187000761C30786C280FD006DC4C2817D06828EE
:101880000DD06A2814D104E0742810D07A280FD122
:101890000DE044F400140AE044F4801401E044F440
:1018A00040147278824202D104F58014761C761CB2
:1018B000307866280BD013DC582877D009DC002854
:1018C00075D04528F6D04628F4D047281AD19DE196
:1018D00018E0632835D0642879D0652812D195E1C5
:1018E000702873D008DC6728F1D069286FD06E2883
:1018F0000DD06F2806D1B5E073282CD0752875D08F
:10190000782874D05A46179990476D1C75E1C4F336
:101910000250022809D003280DD0D9F8001004285D
:101920000DD00D6009F1040967E1D9F80010EA173C
:10193000C1E90052F6E7D9F800100D80F2E70D700A
:10194000F0E719F8041B8DF8001000208DF8010055
:10195000EA46012003E059F804AB4FF0FF3061077D
:101960004FF0000102D40DE008F101018846B942B0
:101970000FDA8045F8DB1AF808100029F4D108E0E6
:1019800008F1010188468142FADB1AF808100029A3
:10199000F6D105985B46A0EB080721463846179A12
:1019A00000F094FA284400EB080507E04DE029E137
:1019B0000DE01AF8010B5A4617999047B8F1010843
:1019C000F7D25B4621463846179A13E142E00A22D5
:1019D0000092C4F302524FF0000A022A08D059F8CC
:1019E00004CB032A4FEAEC710AD00DE029E02AE08B
:1019F00009F1070121F00702F2E802C1914609E06E
:101A00000FFA8CFC4FEAEC71042A03D14FFA8CFCDC
:101A10004FEAEC71002907DA0A460021DCF1000CDC
:101A200061EB02012D2202E0220504D52B228DF864
:101A30000420012203E0E20701D02022F7E79046CC
:101A400059E00A2102E010220DE010214FF0000AB7
:101A500000910BE010224FF0000A44F00404082724
:101A6000009203E008224FF0000A0092C4F30252F1
:101A7000022A05D059F804CB0021032A08D009E036
:101A800009F1070121F00702F2E802C1914605E0E1
:101A90001FFA8CFC042A01D10CF0FF0C4FF0000857
:101AA000220728D5702806D0009B83F0100353EA44
:101AB0000A0305D00EE040228DF80420012208E040
:101AC0005CEA010206D030228DF804208DF8050072
:101AD00002229046009B83F0080353EA0A030AD1CE
:101AE0005CEA010201D1620705D530228DF804209D
:101AF0004FF001087F1E582804D034A003900EA890
:101B000002900DE036A0F9E753466046009AEEF7E2
:101B1000F9FB84460398825C0298401E0290027092
:101B20005CEA0100F0D1029806A9081A00F1200A27
:101B3000600702D524F4803400E00127574502DD18
:101B4000A7EB0A0000E0002000EB0A0100900598D6
:101B50004144401A0590E00306D45B462146179A9B
:101B6000059800F0B3F90544002706E001A85A469D
:101B7000C05D179990476D1C7F1C4745F6DBE0035D
:101B80000CD55B462146179A059800F09FF905444D
:101B900004E030205A46179990476D1C0099481E62
:101BA00000900029F5DC08E0029802995A46007876
:101BB000491C0291179990476D1CBAF10001AAF1D6
:101BC000010AF1DC65E100000928010030313233FF
:101BD0003435363738396162636465660000000069
:101BE0003031323334353637383941424344454653
:101BF0000000000000F058F90544761C30780028F9
:101C00007FF4ECAD19B02846BDE8F08F620700D430
:101C1000062709F1070222F0070CFCE80223E1463F
:101C200003F000485FEA080C02D00FF2702C0DE0C0
:101C30005FEA045C02D50FF2682C07E05FEAC47C1F
:101C400002D00FF2602C01E0AFF2700C4FF0FF38C1
:101C500023F00043CDF850C065280CD006DC4528A1
:101C600009D046281DD047283DD13DE0662818D030
:101C700067287ED138E00021112F01DB112000E020
:101C8000781CCDE9000106A90EA8FFF7DDFCDDE90F
:101C90000F010E9A03910021009207F1010A0491AD
:101CA0004DE04FF000400097CDE9011006A90EA8C5
:101CB000FFF7CAFCDDE90F0203920E9B1199002287
:101CC000DDF80CA00093049211B9791C00EB010A15
:101CD000B7EB0A0004D4C0F1FF3007F1010A049009
:101CE000AAEB0700019044E0012F00DA0127002150
:101CF000112F01DD112000E03846CDE9000106A9D1
:101D00000EA8FFF7A1FCDDE90F010E9A0391002157
:101D100004910092BA4621070CD40399514500DA88
:101D20008A46BAF1010F05DD009AAAF10101515C62
:101D3000302908D0B84202DA10F1040F06DA012186
:101D4000CDE9011015E0AAF10101E9E7002805DC61
:101D5000049901440491AAEB000102E0411C5145A1
:101D600000DD8A460499401A401C01904FF0004063
:101D70000290200704D40198504501DBCDF804807F
:101D800000208DF84F0002980DF14F07B0F1004F81
:101D900025D02B200E9002984FF0020800280CDA74
:101DA000404202902D200E9007E00A210298EEF7A3
:101DB0000CFB3031029007F8011DB8F10001A8F1C9
:101DC0000108F2DC02980028EFD1791E0E98087005
:101DD000307800F0200040F0450007F8020D12A80E
:101DE000C01B00F107081498007800B1012000EB37
:101DF0000A01019801EBE07105984144401A401E28
:101E00000590E00306D45B462146179A059800F03A
:101E10005DF805441498007818B15A461799904710
:101E20006D1CE00324D55B462146179A059800F007
:101E30004DF805441CE00498002807DBDDE90301A8
:101E4000884203DD0098405C179901E01799302023
:101E50005A469047049805F10105401C04900198EA
:101E6000401E019004D12E205A46179990476D1CB0
:101E7000BAF10001AAF1010ADDDC05E017F8010B57
:101E80005A46179990476D1CB8F10001A8F1010856
:101E9000F4DC5B462146179A0598ABE62D0000005E
:101EA0002B000000200000002DE9F0410446002531
:101EB0001E461746880404D405E039462020B04762
:101EC0006D1C641EF9D52846BDE8F0812DE9F0416E
:101ED000044600251E469046C80301D5302700E081
:101EE0002027880404D505E041463846B0476D1CDC
:101EF000641EF9D52846BDE8F0814A68002A06D05C
:101F00000A68531C0B6010704868401E4860704798
:101F100010B500EE100A2DED028BB1EEC08A18EE5E
:101F2000100A20F00040C0F1FF40C00F0AD010EEB0
:101F3000100A20F00040C0F1FF40C00F04BF012094
:101F4000FFF77CFB18EE100ABDEC028B10BD000001
:101F5000000000006E83F9A22915444ED15727FCDA
:101F6000C0DD34F5999562DB4190433CAB6351FE93
:101F7000D1040024D2040024D30400240000000073
:101F8000010203040102030406070809010002001C
:101F90000400060008000A000C00100020004000A9
:101FA0008000000100061016000610160101010352
:101FB000070100000804020408010101000402589E
:101FC00000040258696D753A252E33662C252E3390
:101FD000662C252E33662C252E33662C252E336653
:101FE0002C252E33662C252E35662C252E35662C79
:101FF000252E35662C252E35662C252E35662C256E
:102000002E35662C252E35662C252E35662C252E54
:1020100035662C25752C25752C252E32662C2575BC
:102020002C25752C25752C25752C25752C25752CA6
:1020300025752C25752C25752C25752C25752C259D
:10204000752C25752C25752C25750A007D04017CC1
:10205000000240AB034100045308055804060F007A
:102060001110821211001315801416001518011694
:102070009020010800000024400000001C16010808
:10208000D020010840000024C01F00002C160108C9
:10209000000000000100000010000000000000002F
:1020A0000090D0030090D003E7416B3A58A08B3AE0
:1020B000506E4B8701015A5A5A5A085A5A5A5A1E98
:1020C00001000000D0070000000000000000000038
:04000005080002CD20
:00000001FF
